{
"type": "FeatureCollection",
"name": "Infanta_Flood",
"crs": { "type": "name", "properties": { "name": "urn:ogc:def:crs:OGC:1.3:CRS84" } },
"features": [
{ "type": "Feature", "properties": { "FID": 0, "Count": 591, "Length": 80803.397299699995, "Area": 14004279.306099998, "RangeMin": "0", "RangeMax": "Max", "Name": "{0, Max}", "layer": "Hour_1", "path": "C:/Users/Justine/OneDrive/Documents/PLAN/NOV21-0000.shp" }, "geometry": { "type": "MultiPolygon", "coordinates": [ [ [ [ 121.620377949693591, 14.799155014992728 ], [ 121.620375365013814, 14.798236223478582 ], [ 121.619813325375262, 14.798297377146483 ], [ 121.616234591705293, 14.798798168015665 ], [ 121.616177369743923, 14.798804754191538 ], [ 121.61613493108473, 14.798812810554882 ], [ 121.616041272177398, 14.79885436950962 ], [ 121.616125527412052, 14.798904857216877 ], [ 121.616177607703335, 14.798889924784566 ], [ 121.616209837791317, 14.798885302623031 ], [ 121.620022973324154, 14.799189263869211 ], [ 121.620377949693591, 14.799155014992728 ] ] ], [ [ [ 121.644365890409233, 14.76200498028542 ], [ 121.642229373395338, 14.761072738959868 ], [ 121.641265497229, 14.761137098067213 ], [ 121.641268039845926, 14.762013511445685 ], [ 121.643373405315501, 14.764050649324275 ], [ 121.645478810018901, 14.766087775115206 ], [ 121.641291755349101, 14.770185181382208 ], [ 121.639186337694127, 14.768148027216222 ], [ 121.636407600702896, 14.765459282277325 ], [ 121.63565506573778, 14.766114739884145 ], [ 121.633929874128896, 14.767136217627924 ], [ 121.632884640852993, 14.767031252828545 ], [ 121.631722486231581, 14.769074760134695 ], [ 121.631358286300397, 14.770212271802798 ], [ 121.631200134484132, 14.771865277816215 ], [ 121.631963990730213, 14.773382978986335 ], [ 121.631550905700109, 14.774297627247281 ], [ 121.632651245018579, 14.774542685113815 ], [ 121.632906328764406, 14.774601759406401 ], [ 121.633087992118263, 14.774470590549411 ], [ 121.633369582862215, 14.774292696558488 ], [ 121.634864739452212, 14.772376818485153 ], [ 121.634971888349185, 14.772218981951216 ], [ 121.635088445523081, 14.772157922408772 ], [ 121.637094641376976, 14.770852625852918 ], [ 121.637948699461418, 14.771024900170779 ], [ 121.640043884687728, 14.771406290634898 ], [ 121.641296072849514, 14.771672319220203 ], [ 121.642534783061222, 14.77138789327919 ], [ 121.644118824061763, 14.771516152785974 ], [ 121.645494123630812, 14.771328678697804 ], [ 121.646415487079366, 14.771068309793932 ], [ 121.645490748038313, 14.77017360146615 ], [ 121.647584263197189, 14.768124870709199 ], [ 121.649677729848861, 14.766076122234312 ], [ 121.650081775855128, 14.766467041836389 ], [ 121.650083046392709, 14.766074993356714 ], [ 121.650385428029011, 14.765383528380593 ], [ 121.649673323449022, 14.76457754455001 ], [ 121.648247629650427, 14.764692464793304 ], [ 121.64559190014424, 14.765977103231677 ], [ 121.645478545391867, 14.765997191240867 ], [ 121.644168303721656, 14.763272752805946 ], [ 121.644365890409233, 14.76200498028542 ] ] ], [ [ [ 121.595144613250127, 14.774362985383936 ], [ 121.595113345071638, 14.774327022581287 ], [ 121.595066840158253, 14.774348208113953 ], [ 121.595113523790644, 14.7743933953102 ], [ 121.595089382207988, 14.774417009213273 ], [ 121.595113815865787, 14.774501865556154 ], [ 121.595141992155249, 14.774420951111816 ], [ 121.595152116180202, 14.774393296920254 ], [ 121.595144613250127, 14.774362985383936 ] ] ], [ [ [ 121.582666039748332, 14.770182169297355 ], [ 121.582504864566772, 14.77014021134182 ], [ 121.582310045426638, 14.770150177773735 ], [ 121.581562273096637, 14.770341635197859 ], [ 121.582399656349125, 14.770442696552443 ], [ 121.582505806880562, 14.770497932729063 ], [ 121.582658894695626, 14.77048788948289 ], [ 121.583459102304843, 14.770336904201955 ], [ 121.582666039748332, 14.770182169297355 ] ] ], [ [ [ 121.603807791871432, 14.761791894811315 ], [ 121.603473780692838, 14.760458281297662 ], [ 121.602729936508013, 14.76138986907476 ], [ 121.601919887451288, 14.762118257939203 ], [ 121.602488785246493, 14.763082238933826 ], [ 121.603482521010477, 14.763661595404244 ], [ 121.603832623161168, 14.762457198061123 ], [ 121.604127820841015, 14.762112557779481 ], [ 121.603807791871432, 14.761791894811315 ] ] ], [ [ [ 121.660272249779723, 14.757874660938604 ], [ 121.659354810420098, 14.756605014021707 ], [ 121.6580480801899, 14.75682837966113 ], [ 121.657182213953291, 14.757040194371125 ], [ 121.653915226728586, 14.757831307500206 ], [ 121.653852321719313, 14.757846630831692 ], [ 121.653797653883871, 14.757839707452955 ], [ 121.653664685920944, 14.757893257453055 ], [ 121.653294984529438, 14.7584383509326 ], [ 121.651894990894689, 14.76007298562277 ], [ 121.651487108855775, 14.761985211707055 ], [ 121.652744435878532, 14.763074813212102 ], [ 121.653866891525368, 14.762771430707685 ], [ 121.654563491938603, 14.762654789947121 ], [ 121.65583419270699, 14.76197303627284 ], [ 121.656153131312479, 14.760118642006804 ], [ 121.658055285265135, 14.759248518260881 ], [ 121.658784174753208, 14.758590056964627 ], [ 121.660272249779723, 14.757874660938604 ] ] ], [ [ [ 121.63286160184019, 14.758984340777078 ], [ 121.632846951322477, 14.753864739858081 ], [ 121.631832217764142, 14.753867486916656 ], [ 121.631863841677486, 14.754826762683731 ], [ 121.632159916330764, 14.757274428693188 ], [ 121.632185974083527, 14.757952402629913 ], [ 121.632428082056677, 14.758371900711694 ], [ 121.63286160184019, 14.758984340777078 ] ] ], [ [ [ 121.666841194707544, 14.736983522979475 ], [ 121.666385040097737, 14.736727657429245 ], [ 121.665869056925274, 14.736926736662179 ], [ 121.665862350792551, 14.737429493895288 ], [ 121.664234182864149, 14.739418907070972 ], [ 121.662192186176824, 14.738571257540499 ], [ 121.660473169505025, 14.739853994637524 ], [ 121.659157153872556, 14.741534370351557 ], [ 121.659332495989119, 14.742824382679789 ], [ 121.65801090186288, 14.744333323603186 ], [ 121.657367269033713, 14.744996991348147 ], [ 121.656030863618923, 14.745629028962753 ], [ 121.65690010196316, 14.746714468876364 ], [ 121.658018677704618, 14.746947646546531 ], [ 121.659869815906305, 14.747418302674003 ], [ 121.660559445840036, 14.74723039435777 ], [ 121.661762356345534, 14.74924933786337 ], [ 121.662150263634587, 14.749697626969176 ], [ 121.662158020418701, 14.749763453367345 ], [ 121.661746445644994, 14.753307942835143 ], [ 121.661783971691179, 14.75378452773475 ], [ 121.661472346114437, 14.75453239133873 ], [ 121.662241172434094, 14.754934113616972 ], [ 121.662402056555578, 14.753942226295715 ], [ 121.662660356941259, 14.753782041921667 ], [ 121.663084920408835, 14.752953981341081 ], [ 121.662371300361613, 14.749838484698707 ], [ 121.66523295230536, 14.750851406398999 ], [ 121.666426269045616, 14.750415027764905 ], [ 121.666822981333141, 14.750071395287833 ], [ 121.66761957692988, 14.749682054561934 ], [ 121.666833777368439, 14.749284428923906 ], [ 121.666422742245786, 14.749244743073978 ], [ 121.66561909941889, 14.748906686063355 ], [ 121.662296039968126, 14.749628355656641 ], [ 121.662882078980417, 14.746258682228046 ], [ 121.662563248735935, 14.745610592298382 ], [ 121.663067699074773, 14.744775219649952 ], [ 121.664066028897381, 14.743330180830823 ], [ 121.664781632501118, 14.741518435187711 ], [ 121.664331119872372, 14.73951269551026 ], [ 121.666388135864196, 14.737755899664895 ], [ 121.666618035328895, 14.737651383152318 ], [ 121.666967878859396, 14.737426341293084 ], [ 121.666841194707544, 14.736983522979475 ] ] ], [ [ [ 121.633067783102391, 14.745454068248959 ], [ 121.632822892474252, 14.745453077603218 ], [ 121.632628812151964, 14.745504548629691 ], [ 121.628840581735574, 14.745493452422668 ], [ 121.628624551442073, 14.745530518837452 ], [ 121.628477245474244, 14.745561335951248 ], [ 121.628248024718957, 14.74570538078331 ], [ 121.632823578584123, 14.745693035962454 ], [ 121.63309108732129, 14.745951928641874 ], [ 121.633071965909522, 14.745692363224414 ], [ 121.633067783102391, 14.745454068248959 ] ] ], [ [ [ 121.607773052403374, 14.737428488477654 ], [ 121.607607872338264, 14.736860225996807 ], [ 121.606935111906253, 14.736934961366293 ], [ 121.606525695443025, 14.737590953193694 ], [ 121.606984991072665, 14.738199521019501 ], [ 121.60683483840387, 14.740912926483265 ], [ 121.607051583648087, 14.741675493609725 ], [ 121.607177093343424, 14.742108401382449 ], [ 121.607628877733944, 14.744517360513543 ], [ 121.60907389461903, 14.743080322668805 ], [ 121.609064128796717, 14.741670260699998 ], [ 121.608155370645989, 14.741151265124037 ], [ 121.608023369356104, 14.737988413592081 ], [ 121.607855582729655, 14.737587501159174 ], [ 121.607773052403374, 14.737428488477654 ] ] ], [ [ [ 121.638098557029167, 14.741592818724394 ], [ 121.637611349035126, 14.741007628337965 ], [ 121.637009580931007, 14.74132558876939 ], [ 121.636922800265253, 14.741511053038295 ], [ 121.636849150349704, 14.741596226228211 ], [ 121.636847230940063, 14.741755430649439 ], [ 121.637010813272667, 14.741753846141645 ], [ 121.637209874367457, 14.741788866920954 ], [ 121.638098557029167, 14.741592818724394 ] ] ], [ [ [ 121.674557354660649, 14.708668274907595 ], [ 121.670883140976144, 14.708439037010539 ], [ 121.670498158833666, 14.708557792464834 ], [ 121.670142088497855, 14.708469899346195 ], [ 121.669799245815568, 14.708817195346636 ], [ 121.668009536793846, 14.710480298890076 ], [ 121.668170022130056, 14.711095343026685 ], [ 121.667737804911013, 14.712908956621533 ], [ 121.667479622671635, 14.71404147262346 ], [ 121.666319946709692, 14.715088547985156 ], [ 121.66496743628349, 14.715684580094052 ], [ 121.664132945042908, 14.717005086804992 ], [ 121.663525333212249, 14.718363140724316 ], [ 121.662134390228871, 14.719239425351843 ], [ 121.660888584336689, 14.719885752942535 ], [ 121.659641045701136, 14.721103658398938 ], [ 121.659179799534115, 14.722306310967125 ], [ 121.657946401297181, 14.722627421652037 ], [ 121.655978679507385, 14.723282829701024 ], [ 121.654780277949314, 14.72520318982316 ], [ 121.654607884202235, 14.726030494496353 ], [ 121.653767402527492, 14.729105922033026 ], [ 121.653718230198564, 14.72924378483915 ], [ 121.653711398692693, 14.729292056158503 ], [ 121.653177009286892, 14.729870334711652 ], [ 121.652193569515276, 14.731842609154695 ], [ 121.651581236966194, 14.731432315073677 ], [ 121.649576630511802, 14.731649997905405 ], [ 121.64775255359379, 14.731619358909517 ], [ 121.646774720209777, 14.732039335975868 ], [ 121.6453792632215, 14.731967961586623 ], [ 121.644551111319871, 14.732595600354934 ], [ 121.644042786815788, 14.733404754527321 ], [ 121.642591500485651, 14.734773594025572 ], [ 121.641191689947263, 14.735670967531425 ], [ 121.64026040681297, 14.736592111904875 ], [ 121.639938164007461, 14.737501907073538 ], [ 121.639713026587401, 14.738950788214785 ], [ 121.6412050171499, 14.740272983137613 ], [ 121.642220171676428, 14.740594504916663 ], [ 121.644250416875025, 14.740453288920575 ], [ 121.645404566697167, 14.740649178024956 ], [ 121.647058452172473, 14.73909625868308 ], [ 121.648495773896713, 14.737478324502712 ], [ 121.648677590100803, 14.736588773307894 ], [ 121.649590382086956, 14.736337964244854 ], [ 121.651349707665688, 14.735100237777996 ], [ 121.652882322577852, 14.734256415759605 ], [ 121.653781051054168, 14.7337294834582 ], [ 121.654021862570104, 14.733611753821201 ], [ 121.65495967423783, 14.733374428830748 ], [ 121.656837364495232, 14.732261972658689 ], [ 121.657975840348783, 14.732538785900431 ], [ 121.659902721112815, 14.731153961389229 ], [ 121.660102438340502, 14.729274102774495 ], [ 121.660551491941277, 14.727707662322967 ], [ 121.662155151815696, 14.726187128930789 ], [ 121.662802821061518, 14.725812029186613 ], [ 121.663725628930251, 14.725177976783558 ], [ 121.665109085958136, 14.723969577589378 ], [ 121.666345889029174, 14.72371687957803 ], [ 121.667875666406033, 14.722572522506372 ], [ 121.668945004965352, 14.721077238848576 ], [ 121.669585918945913, 14.72015340911855 ], [ 121.670532571366152, 14.719935393194309 ], [ 121.671900504138264, 14.718319057873867 ], [ 121.672299783125027, 14.716981763854148 ], [ 121.673092448536579, 14.715398498416238 ], [ 121.674712798189631, 14.714080604505922 ], [ 121.676125109483451, 14.714258962345776 ], [ 121.678546429628753, 14.713229902372991 ], [ 121.678908796694387, 14.713451132595704 ], [ 121.679244414630219, 14.713203240698714 ], [ 121.679153528594426, 14.712876106202028 ], [ 121.67908265706852, 14.712704867450743 ], [ 121.678906318287304, 14.712641871461486 ], [ 121.677980397577443, 14.711980260505786 ], [ 121.67656294434893, 14.711073926199035 ], [ 121.675233564159782, 14.709322559570177 ], [ 121.674805348169571, 14.708802817921734 ], [ 121.674806248543973, 14.708695917752635 ], [ 121.674695876190654, 14.708519694031134 ], [ 121.674557354660649, 14.708668274907595 ] ] ], [ [ [ 121.693493646307374, 14.706789959561908 ], [ 121.691479497477772, 14.706063968944193 ], [ 121.689777672680066, 14.706330584977447 ], [ 121.688897894628639, 14.706248429900423 ], [ 121.687283764824272, 14.706719237529805 ], [ 121.685892033230132, 14.707413877913579 ], [ 121.685273552794953, 14.708772404056011 ], [ 121.685413545898442, 14.71060404386176 ], [ 121.68540778109751, 14.711018970315587 ], [ 121.685527853735664, 14.712857518492395 ], [ 121.68508325015371, 14.714778598338841 ], [ 121.683117358673215, 14.716903730175042 ], [ 121.683045593513611, 14.716880848527303 ], [ 121.682994013624494, 14.716950787868823 ], [ 121.682663771302146, 14.717394696156731 ], [ 121.681164364083983, 14.719134477151064 ], [ 121.680593786875562, 14.721043634088888 ], [ 121.681362189642812, 14.72276724455689 ], [ 121.683135669353604, 14.722842424262863 ], [ 121.685156549757011, 14.72315025367752 ], [ 121.687300083890463, 14.725109875449688 ], [ 121.687007102143625, 14.725436498211486 ], [ 121.685402541221578, 14.727308257547389 ], [ 121.684658644502264, 14.727735947563538 ], [ 121.683153838274123, 14.728732484190596 ], [ 121.682475814324036, 14.728550521521017 ], [ 121.682077894035501, 14.729211024196783 ], [ 121.68232662663317, 14.730019230589177 ], [ 121.683158673375701, 14.730299497685129 ], [ 121.683923739672167, 14.729951254294463 ], [ 121.685804836751103, 14.730711881126448 ], [ 121.687357640107308, 14.730533670520961 ], [ 121.687897535909443, 14.729721867322333 ], [ 121.687982052042216, 14.729193721352535 ], [ 121.688283877405766, 14.728284586743326 ], [ 121.687365810703369, 14.725133957320269 ], [ 121.687521831706221, 14.72510922347683 ], [ 121.687639266816575, 14.724817513715585 ], [ 121.689133681434754, 14.722770644107811 ], [ 121.689347476508615, 14.721017995670714 ], [ 121.689523577649965, 14.719074311985141 ], [ 121.689488879783411, 14.718908175944764 ], [ 121.689589903555628, 14.716931436677394 ], [ 121.690674437146797, 14.716114153463872 ], [ 121.691510912882151, 14.716134746235717 ], [ 121.693340453855626, 14.714619792351456 ], [ 121.693944993138459, 14.712832705273227 ], [ 121.694120781043722, 14.711301235274025 ], [ 121.69454395055628, 14.709859759762095 ], [ 121.694720637959634, 14.708744551103313 ], [ 121.693493646307374, 14.706789959561908 ] ] ], [ [ [ 121.537041896335552, 14.728783870690323 ], [ 121.53621118238776, 14.727265143791438 ], [ 121.535578081148259, 14.728971972022091 ], [ 121.53733952306635, 14.730678219138602 ], [ 121.538019441972395, 14.729586549252733 ], [ 121.537041896335552, 14.728783870690323 ] ] ], [ [ [ 121.675082720709426, 14.729231329522518 ], [ 121.675073575482457, 14.728924229296931 ], [ 121.674758216604403, 14.728994359105135 ], [ 121.674642492906614, 14.72911960252044 ], [ 121.674491036942129, 14.729233037345251 ], [ 121.674562076116032, 14.729424991015884 ], [ 121.67475985797391, 14.729533007672126 ], [ 121.675009628296081, 14.72947479809881 ], [ 121.675082720709426, 14.729231329522518 ] ] ], [ [ [ 121.603389222197222, 14.729427255193871 ], [ 121.603352211570311, 14.729391434523535 ], [ 121.603346477547078, 14.729427365385243 ], [ 121.603354861406345, 14.72946086484558 ], [ 121.603389670676194, 14.72959203057748 ], [ 121.60346725651867, 14.729502799520555 ], [ 121.603389222197222, 14.729427255193871 ] ] ], [ [ [ 121.659698664862304, 14.694802282118319 ], [ 121.657862008273014, 14.694172862532323 ], [ 121.656489663307269, 14.695258298889557 ], [ 121.655244671324098, 14.69660074743978 ], [ 121.654585960991085, 14.697490064678087 ], [ 121.653674351140509, 14.697540382884423 ], [ 121.651837020051971, 14.698401128810195 ], [ 121.651337491178893, 14.698420358351523 ], [ 121.651236134677887, 14.698989365497116 ], [ 121.650224183699464, 14.700700611731252 ], [ 121.650487773482766, 14.701672229802217 ], [ 121.650669564245575, 14.703641576155544 ], [ 121.651168557911561, 14.704783875892955 ], [ 121.650730018236288, 14.705980937629361 ], [ 121.649501479542337, 14.706001076577474 ], [ 121.647701768594914, 14.70654675986375 ], [ 121.647121391887524, 14.706562743150208 ], [ 121.64530910519116, 14.707867755986836 ], [ 121.644713173915378, 14.708306334816086 ], [ 121.644548108016309, 14.708888068161631 ], [ 121.643167159403816, 14.710884420063641 ], [ 121.64112180487254, 14.711512474929499 ], [ 121.639251996524422, 14.711169525887671 ], [ 121.638577492413972, 14.711380472044281 ], [ 121.636919626652698, 14.710027275973133 ], [ 121.635955224673495, 14.712053137346098 ], [ 121.635432901400335, 14.712998871550884 ], [ 121.635677127323831, 14.7142192511032 ], [ 121.636933285128251, 14.714784364609116 ], [ 121.638079291907701, 14.715965457185206 ], [ 121.638404546803031, 14.717076680334841 ], [ 121.638358833118545, 14.718454009227948 ], [ 121.637772327059295, 14.720363272204215 ], [ 121.637725657804666, 14.72116441255638 ], [ 121.638669548648522, 14.722829198225698 ], [ 121.639010782574232, 14.723248511456488 ], [ 121.639362643065198, 14.725245834408472 ], [ 121.640167395550151, 14.726213877576157 ], [ 121.641166003998748, 14.726796795625495 ], [ 121.642721933475173, 14.726751070051924 ], [ 121.64462038401237, 14.725952932317258 ], [ 121.645361603587517, 14.725905817665003 ], [ 121.645619298748272, 14.725480659856846 ], [ 121.645680019323052, 14.725228484914398 ], [ 121.645770920276235, 14.724826806273372 ], [ 121.645356751484741, 14.724239711954571 ], [ 121.64394743781989, 14.722514130056419 ], [ 121.643229525669923, 14.721149349628611 ], [ 121.642762776708096, 14.719576199193499 ], [ 121.642863320258201, 14.71873913014184 ], [ 121.642602598351104, 14.71706519361323 ], [ 121.643377609330756, 14.715162487365575 ], [ 121.645326515770961, 14.713852655583651 ], [ 121.645756467395941, 14.71339041107306 ], [ 121.646361643171062, 14.712968957363559 ], [ 121.647875505388768, 14.711366905583057 ], [ 121.649517171597282, 14.711360902146145 ], [ 121.651032151564806, 14.710347580184262 ], [ 121.653623001612047, 14.708862914126902 ], [ 121.653572036658176, 14.708731386059041 ], [ 121.653707325816526, 14.708734984996344 ], [ 121.654818936248674, 14.705863908147176 ], [ 121.655474210533029, 14.704771865762075 ], [ 121.656472822573505, 14.703390312833179 ], [ 121.657885663058266, 14.70215471767311 ], [ 121.659124384630772, 14.70188224616602 ], [ 121.659915555327629, 14.700673512592541 ], [ 121.66070982596743, 14.699342460583717 ], [ 121.662072426063375, 14.698481668049322 ], [ 121.663343756428162, 14.697817370870911 ], [ 121.66388773299731, 14.696576418259454 ], [ 121.663094658276236, 14.695575190216108 ], [ 121.66206314134439, 14.695368486569398 ], [ 121.6603440019191, 14.694914357667695 ], [ 121.659698664862304, 14.694802282118319 ] ] ], [ [ [ 121.679474626163653, 14.725132747541315 ], [ 121.679987112881591, 14.724113582152938 ], [ 121.678941866925371, 14.724244601475476 ], [ 121.678595593763745, 14.724796641325 ], [ 121.678025527395619, 14.725136953920716 ], [ 121.678013082073164, 14.726046313461076 ], [ 121.678948035573583, 14.726256943243687 ], [ 121.679667530648032, 14.725833698360198 ], [ 121.679474626163653, 14.725132747541315 ] ] ], [ [ [ 121.607808160498777, 14.725103625230417 ], [ 121.607575481955152, 14.725044128112852 ], [ 121.607576266655059, 14.725330514698987 ], [ 121.607770490982915, 14.725518538244129 ], [ 121.607982105404147, 14.725329461023971 ], [ 121.607808160498777, 14.725103625230417 ] ] ], [ [ [ 121.630584581742113, 14.71100893437572 ], [ 121.628523340494112, 14.709845695872174 ], [ 121.627589689626461, 14.71210506843456 ], [ 121.627671576088417, 14.713019802914975 ], [ 121.627789751665631, 14.713744231688768 ], [ 121.628543447060423, 14.716942581771457 ], [ 121.628994284352288, 14.71666258395924 ], [ 121.631949177864243, 14.716324776794215 ], [ 121.631380766690185, 14.71432694653231 ], [ 121.631834840282053, 14.713008607408545 ], [ 121.630584581742113, 14.71100893437572 ] ] ], [ [ [ 121.704121677991608, 14.704682472183542 ], [ 121.704111643339147, 14.704630644477966 ], [ 121.698300580191926, 14.704648053844172 ], [ 121.698563458019493, 14.705923446660659 ], [ 121.699880284523488, 14.707727517710397 ], [ 121.701331706576823, 14.706056850539948 ], [ 121.703848583020928, 14.704845898587028 ], [ 121.704068499751827, 14.704713884272044 ], [ 121.704121677991608, 14.704682472183542 ] ] ], [ [ [ 121.637653720822414, 14.68110102164243 ], [ 121.636835704796354, 14.680760260679225 ], [ 121.635767105046739, 14.68135266419268 ], [ 121.6341702010224, 14.681803378672464 ], [ 121.633462267362177, 14.683608811487632 ], [ 121.632945454152434, 14.684404326902419 ], [ 121.633158853076424, 14.684898929654919 ], [ 121.632651012810115, 14.68520147396449 ], [ 121.630845915608205, 14.68673450251463 ], [ 121.630396254113322, 14.688497088951292 ], [ 121.629604660982977, 14.689607542517113 ], [ 121.628464246602022, 14.688965404633032 ], [ 121.627520179678015, 14.689425035167464 ], [ 121.625635841564161, 14.689840130498267 ], [ 121.62427548967851, 14.692075188186012 ], [ 121.623514368829603, 14.691861102011353 ], [ 121.620460926550066, 14.692237127597451 ], [ 121.620077223832524, 14.691820425727025 ], [ 121.619965819889046, 14.692500514148053 ], [ 121.620009180613579, 14.692610687417897 ], [ 121.620047881487494, 14.692641376780768 ], [ 121.620079637116632, 14.692685279642772 ], [ 121.622105419585083, 14.694724708985413 ], [ 121.622099561277167, 14.696691061723987 ], [ 121.622477866369806, 14.698457265389017 ], [ 121.623000825448514, 14.699513510984772 ], [ 121.623426710403535, 14.700773435188966 ], [ 121.623180437038101, 14.701866754998738 ], [ 121.62399820893792, 14.704553790309493 ], [ 121.623657238722814, 14.704858728077438 ], [ 121.624169918428109, 14.704995459910643 ], [ 121.624312096338073, 14.705098536310008 ], [ 121.624633992505764, 14.705169248415858 ], [ 121.625062941124938, 14.704854982605442 ], [ 121.627009581193875, 14.703394143684895 ], [ 121.628503284798597, 14.702762931524543 ], [ 121.629756682728427, 14.701978687107234 ], [ 121.630185275224903, 14.700755360427896 ], [ 121.631865769004833, 14.6999456357866 ], [ 121.631849290407843, 14.69747938762856 ], [ 121.632181273577544, 14.696664092068522 ], [ 121.631981223200683, 14.695982778573201 ], [ 121.631540120918473, 14.693684763703168 ], [ 121.631113330815921, 14.692581065798819 ], [ 121.630892269257288, 14.690854021831729 ], [ 121.632662728580414, 14.689317199420879 ], [ 121.633434122313119, 14.68924000442197 ], [ 121.63485361071308, 14.688485065823402 ], [ 121.635706553542875, 14.687365192526194 ], [ 121.636855209428404, 14.687568173098379 ], [ 121.638524240161274, 14.686848414914071 ], [ 121.639185043384984, 14.686657861640079 ], [ 121.641046093613596, 14.685289547270621 ], [ 121.64244397535883, 14.687108770190436 ], [ 121.642135296298292, 14.688465240302666 ], [ 121.64251144923395, 14.68987773017265 ], [ 121.642460641070201, 14.691189877595374 ], [ 121.643298056596805, 14.69254795017145 ], [ 121.642850804160005, 14.694280626040399 ], [ 121.642533899215309, 14.695215598857645 ], [ 121.642117267818577, 14.69663708354784 ], [ 121.643243367442906, 14.698618545585093 ], [ 121.645286256628424, 14.700009393279208 ], [ 121.647221394140558, 14.698821967131579 ], [ 121.647500147560635, 14.698780689962694 ], [ 121.647460949339717, 14.698587463314848 ], [ 121.648201725695685, 14.69662033438002 ], [ 121.647865136133049, 14.695059627740317 ], [ 121.6476921505826, 14.694263602081328 ], [ 121.647321260921643, 14.692536875407917 ], [ 121.648549443579981, 14.691647638934738 ], [ 121.649457677821857, 14.69102840822576 ], [ 121.650987899488982, 14.689933491516904 ], [ 121.651621013782957, 14.688439071336964 ], [ 121.651523496738221, 14.686415289670689 ], [ 121.649439214489774, 14.684711982511258 ], [ 121.649194257254109, 14.68459803517303 ], [ 121.645504753089071, 14.684626285159547 ], [ 121.645241390285975, 14.684564658491455 ], [ 121.644778544774795, 14.684823371290259 ], [ 121.643834890263264, 14.684374691199526 ], [ 121.641983765891155, 14.683461855829686 ], [ 121.641038881014126, 14.682788687753172 ], [ 121.639833269727134, 14.681469639260353 ], [ 121.637653720822414, 14.68110102164243 ] ] ], [ [ [ 121.527970826553968, 14.700794452158473 ], [ 121.52774465055063, 14.69779267222496 ], [ 121.527560476747183, 14.700822352437834 ], [ 121.527576108913422, 14.701008570178246 ], [ 121.527595682216671, 14.701161302712338 ], [ 121.527756210529773, 14.702666591217531 ], [ 121.527946617521863, 14.701196466760553 ], [ 121.527990274295021, 14.701007639385262 ], [ 121.527970826553968, 14.700794452158473 ] ] ], [ [ [ 121.575507234284743, 14.699354348696863 ], [ 121.573917668497614, 14.69710839172134 ], [ 121.573055864604626, 14.700055683375576 ], [ 121.573246524580853, 14.700901474880284 ], [ 121.57358749395992, 14.701232384073171 ], [ 121.573928440351622, 14.701280706981331 ], [ 121.574216056003024, 14.701179312726428 ], [ 121.573927456830376, 14.700899810078372 ], [ 121.575507234284743, 14.699354348696863 ] ] ], [ [ [ 121.561859036868086, 14.692224929287612 ], [ 121.561310414667247, 14.691481052400226 ], [ 121.560202997182628, 14.691682629311874 ], [ 121.561837767371799, 14.693266122674054 ], [ 121.562220231099843, 14.692756267605287 ], [ 121.561859036868086, 14.692224929287612 ] ] ], [ [ [ 121.663393407245806, 14.689717353471071 ], [ 121.66204239603664, 14.688409874175699 ], [ 121.660536992209927, 14.688414120717944 ], [ 121.660876048955828, 14.689551817011111 ], [ 121.662046992215977, 14.689951892775257 ], [ 121.663393407245806, 14.689717353471071 ] ] ], [ [ [ 121.550554880576811, 14.684612001964322 ], [ 121.549046532005548, 14.684278111340209 ], [ 121.548700738251142, 14.684616339141417 ], [ 121.547678909702299, 14.684618723055697 ], [ 121.547698602769088, 14.685596530250018 ], [ 121.548703901963023, 14.6859000535127 ], [ 121.549859468872413, 14.685738881861587 ], [ 121.550554880576811, 14.684612001964322 ] ] ], [ [ [ 121.613763675866991, 14.682420819255164 ], [ 121.611650638446307, 14.680374883614306 ], [ 121.611252839540569, 14.680375919804968 ], [ 121.611367506595897, 14.680651978769689 ], [ 121.611661454784908, 14.684307920628182 ], [ 121.613561183202776, 14.682601959830745 ], [ 121.613763675866991, 14.682420819255164 ] ] ], [ [ [ 121.625096099679993, 14.67709333626588 ], [ 121.625459936887665, 14.676252577196436 ], [ 121.624231072908017, 14.676255848192101 ], [ 121.624235958054925, 14.6779966642343 ], [ 121.625096099679993, 14.67709333626588 ] ] ] ] } },
{ "type": "Feature", "properties": { "FID": 0, "Count": 520, "Length": 73169.330561399998, "Area": 12944694.6208, "RangeMin": "0", "RangeMax": "Max", "Name": "{0, Max}", "layer": "Hour_10", "path": "C:/Users/Justine/OneDrive/Documents/PLAN/NOV21-0900.shp" }, "geometry": { "type": "MultiPolygon", "coordinates": [ [ [ [ 121.612269150101199, 14.806774094927777 ], [ 121.611998122864165, 14.806140514836036 ], [ 121.611433127932685, 14.80648765444985 ], [ 121.612000611130796, 14.807036767334312 ], [ 121.612001536862664, 14.807370192514124 ], [ 121.612466325098595, 14.807487418616246 ], [ 121.615208966458823, 14.807028313899945 ], [ 121.612269150101199, 14.806774094927777 ] ] ], [ [ [ 121.620377925260286, 14.799146329840701 ], [ 121.620375461926841, 14.798270674885552 ], [ 121.619837487306299, 14.798320747592507 ], [ 121.616202492185579, 14.798829568520334 ], [ 121.616177446176593, 14.798832111087306 ], [ 121.616158636314864, 14.798835748796106 ], [ 121.616117387756162, 14.798854168243556 ], [ 121.616154542063313, 14.798876474432332 ], [ 121.616177551849376, 14.798869933554592 ], [ 121.616191879557277, 14.798867925445299 ], [ 121.620033580353692, 14.799178887487585 ], [ 121.620377925260286, 14.799146329840701 ] ] ], [ [ [ 121.637082883255559, 14.766774981082985 ], [ 121.636687975403319, 14.766495411500673 ], [ 121.633863122637607, 14.767071625802977 ], [ 121.632884171330502, 14.766867310355906 ], [ 121.631312245093994, 14.768677777990593 ], [ 121.630677071611657, 14.770214113946682 ], [ 121.630549120435518, 14.772013891533629 ], [ 121.629604683536343, 14.773426358224837 ], [ 121.629387991680019, 14.774303472560378 ], [ 121.632020235051016, 14.775160106124522 ], [ 121.632908581753597, 14.775387950680177 ], [ 121.633565243664123, 14.774932385864883 ], [ 121.634341193304223, 14.774290056515163 ], [ 121.635407821535338, 14.772640794866319 ], [ 121.637095718821115, 14.771226213618029 ], [ 121.638306192393983, 14.771370815695372 ], [ 121.640034483947161, 14.771415480631427 ], [ 121.641295875212521, 14.771604247986492 ], [ 121.642458406157843, 14.771313994698371 ], [ 121.644168846063479, 14.771467211233631 ], [ 121.645493977701491, 14.771278745975284 ], [ 121.647192459638433, 14.771820041513413 ], [ 121.645490748038313, 14.77017360146615 ], [ 121.647584263197189, 14.768124870709199 ], [ 121.648613117965809, 14.767118000140929 ], [ 121.646501414168284, 14.767077190211538 ], [ 121.64548071302174, 14.766739169220481 ], [ 121.644912848299683, 14.766641632235936 ], [ 121.641291755349101, 14.770185181382208 ], [ 121.639186337694127, 14.768148027216222 ], [ 121.637572664257959, 14.766586617648525 ], [ 121.637082883255559, 14.766774981082985 ] ] ], [ [ [ 121.649701766524473, 14.774247775732073 ], [ 121.648004879346544, 14.772606069245436 ], [ 121.648578243371304, 14.774250902929118 ], [ 121.649360202415266, 14.774582035970644 ], [ 121.64970271983492, 14.774571764184103 ], [ 121.65010040714543, 14.774633449596269 ], [ 121.651000100274189, 14.774244155160346 ], [ 121.650860298266693, 14.773114006439279 ], [ 121.649701766524473, 14.774247775732073 ] ] ], [ [ [ 121.582639618198073, 14.770208001877494 ], [ 121.582504949486108, 14.770172448834709 ], [ 121.582341686997054, 14.770180809204152 ], [ 121.581717243891163, 14.770341249260312 ], [ 121.582417276938514, 14.77042547182193 ], [ 121.582505739886201, 14.770472500628575 ], [ 121.5826338551596, 14.770463658441932 ], [ 121.583283205634643, 14.770337343571825 ], [ 121.582639618198073, 14.770208001877494 ] ] ], [ [ [ 121.643345233071827, 14.762007795658135 ], [ 121.64187892625975, 14.761415688776156 ], [ 121.641266490589786, 14.761479506077997 ], [ 121.641268039845926, 14.762013511445685 ], [ 121.643104502082821, 14.763790463602215 ], [ 121.643345233071827, 14.762007795658135 ] ] ], [ [ [ 121.603741626544547, 14.76185662241792 ], [ 121.603474608396667, 14.76076166710266 ], [ 121.60288322546252, 14.76153825279839 ], [ 121.602297272418753, 14.762117285149959 ], [ 121.602689432361188, 14.762885954772068 ], [ 121.603481640396765, 14.763338887124812 ], [ 121.603759111624598, 14.762386044176628 ], [ 121.60400345929321, 14.762112879400931 ], [ 121.603741626544547, 14.76185662241792 ] ] ], [ [ [ 121.655446845255028, 14.760429949548598 ], [ 121.653856713604767, 14.759331344468155 ], [ 121.652753011584636, 14.760903146610861 ], [ 121.652628038229324, 14.761982024075989 ], [ 121.653284937818967, 14.762545835570057 ], [ 121.653865844363509, 14.762417536815311 ], [ 121.654271673820361, 14.762372458291477 ], [ 121.655110042773714, 14.761975070169596 ], [ 121.655446845255028, 14.760429949548598 ] ] ], [ [ [ 121.659444160588862, 14.757877001890321 ], [ 121.658862566020233, 14.757086818747345 ], [ 121.658049255492088, 14.757223186574082 ], [ 121.65753138524407, 14.757378005946491 ], [ 121.655809149790016, 14.757887242719613 ], [ 121.655809140502612, 14.757887242745705 ], [ 121.656672850304659, 14.75923001639727 ], [ 121.658053743676604, 14.758730746050583 ], [ 121.658502230238028, 14.758317282608353 ], [ 121.659444160588862, 14.757877001890321 ] ] ], [ [ [ 121.666423514982228, 14.749501166214186 ], [ 121.666093452641107, 14.749365612238742 ], [ 121.664657737684195, 14.74969050366651 ], [ 121.66595621963306, 14.750143431681122 ], [ 121.666424930202297, 14.749970776716863 ], [ 121.666707139791129, 14.749959324779585 ], [ 121.666949324715333, 14.749683969881302 ], [ 121.66659682975282, 14.749516360900186 ], [ 121.666423514982228, 14.749501166214186 ] ] ], [ [ [ 121.664115455297832, 14.739651765576053 ], [ 121.662193163825705, 14.738898020713355 ], [ 121.660659813582754, 14.740034581935873 ], [ 121.659418963715297, 14.741533631631404 ], [ 121.659634789718083, 14.743116865041042 ], [ 121.658012823207102, 14.744979348965261 ], [ 121.657700214765072, 14.74531913288901 ], [ 121.657074064782222, 14.745626097065243 ], [ 121.657458148753975, 14.746168252722756 ], [ 121.658016769674873, 14.746306194316791 ], [ 121.658977037406416, 14.746554517573754 ], [ 121.662139973718396, 14.745683325623043 ], [ 121.6622138735693, 14.74581800325292 ], [ 121.662241607146512, 14.745639015048102 ], [ 121.662227733835181, 14.745611543732922 ], [ 121.662247868724236, 14.745577703864253 ], [ 121.663893191644789, 14.743162960167016 ], [ 121.664540690088387, 14.741519120624519 ], [ 121.664115455297832, 14.739651765576053 ] ] ], [ [ [ 121.607884064248978, 14.737319873511519 ], [ 121.60760528181649, 14.735915588600148 ], [ 121.606132524781586, 14.736158032923399 ], [ 121.605982104320262, 14.737592362011506 ], [ 121.606697808139955, 14.738480499698747 ], [ 121.606884366284675, 14.740960869766907 ], [ 121.607132759317565, 14.741675282880042 ], [ 121.607240649257079, 14.742046219314824 ], [ 121.607627756526782, 14.744108757806769 ], [ 121.608813549507289, 14.742828305248619 ], [ 121.608781773899139, 14.74167099591959 ], [ 121.608085146656549, 14.741219971947325 ], [ 121.608220035988793, 14.738178788649625 ], [ 121.608003341771038, 14.737587117144148 ], [ 121.607884064248978, 14.737319873511519 ] ] ], [ [ [ 121.652446838056917, 14.733381454782304 ], [ 121.650772679694981, 14.732223737978382 ], [ 121.64957875147546, 14.732373152108657 ], [ 121.648444107789857, 14.732288581531378 ], [ 121.645551128676871, 14.733236931514936 ], [ 121.645382862641412, 14.733203215419936 ], [ 121.645281698085498, 14.733302602028198 ], [ 121.645197582102654, 14.733401571008086 ], [ 121.643233776455176, 14.735395140174926 ], [ 121.641195686288185, 14.73705111329371 ], [ 121.641003240347075, 14.737310968869277 ], [ 121.640966740665377, 14.73749908931403 ], [ 121.640876674548821, 14.737811932297976 ], [ 121.641199095669535, 14.738228436397153 ], [ 121.642750584484858, 14.739001914940957 ], [ 121.643394889837111, 14.73944480618905 ], [ 121.64540229085361, 14.73986860772804 ], [ 121.646605002759927, 14.738657468248599 ], [ 121.64779890412126, 14.737480256732773 ], [ 121.648003454872551, 14.735936431487087 ], [ 121.649587376568505, 14.735313514203002 ], [ 121.650623705816471, 14.73439771723779 ], [ 121.652446838056917, 14.733381454782304 ] ] ], [ [ [ 121.606018946068971, 14.731973022723551 ], [ 121.602195762802396, 14.728271867781823 ], [ 121.60193858762139, 14.729430990372187 ], [ 121.602208984042832, 14.730581995527029 ], [ 121.603104868555135, 14.733227093717995 ], [ 121.603184137909068, 14.733513684724389 ], [ 121.603218553354395, 14.733690989210626 ], [ 121.60340223507508, 14.734207466567788 ], [ 121.604310055330245, 14.734393795972027 ], [ 121.604168861816063, 14.733511144244872 ], [ 121.606018946068971, 14.731973022723551 ] ] ], [ [ [ 121.675280087026593, 14.708231976214286 ], [ 121.674692935678337, 14.707553141581938 ], [ 121.674071398215531, 14.708198070943567 ], [ 121.671031480367816, 14.708293801146716 ], [ 121.670497920194137, 14.708478858066428 ], [ 121.670059691027433, 14.708390178856058 ], [ 121.669648397370892, 14.70881762690243 ], [ 121.668020795685337, 14.710491193315706 ], [ 121.668159041982804, 14.711106093058467 ], [ 121.667721453244781, 14.712909003272552 ], [ 121.667463828303596, 14.714026180728949 ], [ 121.666319897950515, 14.715072325488407 ], [ 121.664979095726864, 14.715695853102599 ], [ 121.664244205384733, 14.717004771000555 ], [ 121.663778062564177, 14.718607688495043 ], [ 121.662136341728853, 14.719892636463339 ], [ 121.661300551050246, 14.720284388934022 ], [ 121.660444156384102, 14.721101392620108 ], [ 121.659743240427972, 14.722851529694918 ], [ 121.657948491936864, 14.72333153295541 ], [ 121.656493726568982, 14.723781223331189 ], [ 121.655536677340763, 14.725201071237116 ], [ 121.655310457093464, 14.72671035754146 ], [ 121.654936705797184, 14.728147863699393 ], [ 121.65472970996106, 14.729289207385804 ], [ 121.656001186979395, 14.731203567341019 ], [ 121.657973259234581, 14.731670091331777 ], [ 121.659376165512413, 14.730644465617578 ], [ 121.659450986973397, 14.729275940873594 ], [ 121.660127237463115, 14.72729714875859 ], [ 121.662153192815481, 14.725531722036942 ], [ 121.662375586239122, 14.725398645124542 ], [ 121.662702482033836, 14.725180878088706 ], [ 121.66462260131955, 14.723498859377672 ], [ 121.666344352255862, 14.723205911969215 ], [ 121.667608297083959, 14.722313823247454 ], [ 121.668574882771253, 14.721078296986127 ], [ 121.669525616959135, 14.720095071830531 ], [ 121.670532572049837, 14.719935619134093 ], [ 121.671924867090311, 14.718342621406354 ], [ 121.672323489280103, 14.716981695734829 ], [ 121.673115516795448, 14.71542081836305 ], [ 121.674713112656079, 14.714183922209722 ], [ 121.676326150457939, 14.714453468381405 ], [ 121.677766672506976, 14.713993386377709 ], [ 121.67891287146324, 14.714781536665717 ], [ 121.680140685504213, 14.714070394488122 ], [ 121.679840844642342, 14.712874110402266 ], [ 121.679582814027697, 14.712215155881443 ], [ 121.678904033817645, 14.711895891417887 ], [ 121.676980607902877, 14.710664975118041 ], [ 121.675348396362594, 14.70880125179854 ], [ 121.675280087026593, 14.708231976214286 ] ] ], [ [ [ 121.537501098452481, 14.728334856683817 ], [ 121.536209364592139, 14.726512411709418 ], [ 121.535144731635896, 14.728552195218162 ], [ 121.537869520133754, 14.731191600693045 ], [ 121.538731920229807, 14.729584912563864 ], [ 121.537501098452481, 14.728334856683817 ] ] ], [ [ [ 121.687998861460315, 14.728563649372585 ], [ 121.687344790085632, 14.726394444189127 ], [ 121.685966756376473, 14.727854075665597 ], [ 121.683566790875389, 14.729206675002864 ], [ 121.686259467300104, 14.730266753584894 ], [ 121.687356397414391, 14.730133433518768 ], [ 121.687726667077044, 14.729556574750664 ], [ 121.687782038864853, 14.72919430997911 ], [ 121.687998861460315, 14.728563649372585 ] ] ], [ [ [ 121.644691917484849, 14.71297356109647 ], [ 121.642105360190641, 14.712024794466116 ], [ 121.641124127541929, 14.71231611186643 ], [ 121.640205531837381, 14.712092429082039 ], [ 121.637141041877555, 14.712786434570219 ], [ 121.636926845996783, 14.712541905065546 ], [ 121.636783576881882, 14.712854891659079 ], [ 121.636729343750687, 14.712995349866443 ], [ 121.636769863468345, 14.713149730604062 ], [ 121.63692890490222, 14.71325897087462 ], [ 121.638997518896574, 14.715066735954069 ], [ 121.639691996096843, 14.7170731656987 ], [ 121.639729270242, 14.718447899862031 ], [ 121.640314904497728, 14.720347156509744 ], [ 121.64035118434137, 14.721157243355435 ], [ 121.640673150137403, 14.721621470115577 ], [ 121.640030005836422, 14.724145864232678 ], [ 121.640251881385666, 14.725243402703256 ], [ 121.640664283383984, 14.725727562804776 ], [ 121.641163580366737, 14.725959151054383 ], [ 121.641984253494002, 14.726037164388821 ], [ 121.644802593814688, 14.725230904905379 ], [ 121.642964208153188, 14.723476494112969 ], [ 121.642436895015265, 14.722400828044233 ], [ 121.641682365536411, 14.721153597094123 ], [ 121.641560192901736, 14.720753263056077 ], [ 121.64204945950604, 14.717951476795712 ], [ 121.641921383255777, 14.717067062726066 ], [ 121.642403546958661, 14.715830365435211 ], [ 121.642347076681574, 14.714165112993594 ], [ 121.644691917484849, 14.71297356109647 ] ] ], [ [ [ 121.607961119926884, 14.724953951321089 ], [ 121.607574858996642, 14.724816766729779 ], [ 121.607576266655059, 14.725330514698987 ], [ 121.607923133289006, 14.725666306958599 ], [ 121.608270335956689, 14.725328712262 ], [ 121.607961119926884, 14.724953951321089 ] ] ], [ [ [ 121.691474224664759, 14.704372914378686 ], [ 121.691035068567075, 14.704242550723517 ], [ 121.687407823445525, 14.704553008795953 ], [ 121.687276610895907, 14.704410797945389 ], [ 121.686955625417127, 14.704369317315152 ], [ 121.686622358447096, 14.704682600210775 ], [ 121.684980523570147, 14.706532004690228 ], [ 121.684997365745602, 14.706913371596272 ], [ 121.684429181304353, 14.708774874783369 ], [ 121.684510674500345, 14.710151044141364 ], [ 121.684623861562002, 14.711377285299868 ], [ 121.684706178691656, 14.712859924363018 ], [ 121.684646125388753, 14.714355695795748 ], [ 121.683115122235677, 14.716178203080943 ], [ 121.681990059894474, 14.715859645614231 ], [ 121.681372518003982, 14.716955516300267 ], [ 121.68094649439459, 14.718923684646688 ], [ 121.680977095972764, 14.719046173249788 ], [ 121.680783374296865, 14.721043082316708 ], [ 121.681505161374886, 14.722627250491355 ], [ 121.683135669660203, 14.722842523676077 ], [ 121.685144962015812, 14.722985495244627 ], [ 121.685497674631208, 14.722816243891472 ], [ 121.687335422369273, 14.723376108457442 ], [ 121.688589506559978, 14.72224420517334 ], [ 121.688833399066056, 14.721019510479799 ], [ 121.689221605289674, 14.719169880363916 ], [ 121.68934524666048, 14.718901793986431 ], [ 121.689560598291621, 14.716931523069205 ], [ 121.6909011887996, 14.716333514202901 ], [ 121.691511691690991, 14.716384309262866 ], [ 121.693385269351168, 14.715092743600888 ], [ 121.693706260968867, 14.714973670036704 ], [ 121.693692960012982, 14.71479143845365 ], [ 121.694466952715658, 14.712831156501558 ], [ 121.694561456081288, 14.711727543320986 ], [ 121.695046647961291, 14.709367478271188 ], [ 121.695113439687745, 14.70874338466465 ], [ 121.694757090794397, 14.707843381295534 ], [ 121.69358039239502, 14.706705010775028 ], [ 121.694757090766103, 14.707843372257978 ], [ 121.694637595111757, 14.705669704644556 ], [ 121.693321087398857, 14.704662856044251 ], [ 121.691864924079482, 14.704286616306639 ], [ 121.691474224664759, 14.704372914378686 ] ] ], [ [ [ 121.630015717022133, 14.71156568977389 ], [ 121.628526203351399, 14.710856415110108 ], [ 121.627923481857522, 14.712428167774135 ], [ 121.627974609092377, 14.713018990547377 ], [ 121.628051123508158, 14.713488440626199 ], [ 121.628539993872664, 14.715724005696995 ], [ 121.630277085288654, 14.714706332531984 ], [ 121.63093513887533, 14.713011033146117 ], [ 121.630015717022133, 14.71156568977389 ] ] ], [ [ [ 121.659612853898409, 14.694886294170683 ], [ 121.657862554095303, 14.694357094706655 ], [ 121.656605981874691, 14.695370872088468 ], [ 121.655478127771588, 14.696600094519319 ], [ 121.654754787266143, 14.697653455742163 ], [ 121.653674878869154, 14.697719617346127 ], [ 121.651735743196397, 14.698500274102033 ], [ 121.651317685881125, 14.698401190180716 ], [ 121.651379333855516, 14.698849181091841 ], [ 121.650426122297517, 14.700700051199096 ], [ 121.650925386304408, 14.702095759774206 ], [ 121.651139584663568, 14.703181470575315 ], [ 121.652067117107862, 14.704781376065398 ], [ 121.652067126393021, 14.704781376039547 ], [ 121.651319877913608, 14.706551800817744 ], [ 121.649503230086012, 14.706599106258535 ], [ 121.647686140111901, 14.707109328594669 ], [ 121.645541655385699, 14.708885331538543 ], [ 121.647505110381459, 14.710836792834931 ], [ 121.649515651474374, 14.710841780315494 ], [ 121.650759117931528, 14.710083353576048 ], [ 121.652966670204123, 14.708864745281733 ], [ 121.652372453463741, 14.707570466587589 ], [ 121.653704111353136, 14.707644124856181 ], [ 121.654439823826493, 14.705497015719615 ], [ 121.65491847733955, 14.704773420410712 ], [ 121.656255103622613, 14.703179612357255 ], [ 121.657884701940858, 14.701830501797735 ], [ 121.658850346941719, 14.701617046584598 ], [ 121.659532904317572, 14.700674590245258 ], [ 121.660535332544441, 14.699173595155596 ], [ 121.662071815278338, 14.698276893578667 ], [ 121.663215281293674, 14.697693041475414 ], [ 121.663722547818963, 14.696576886254185 ], [ 121.662866418056126, 14.69579865146788 ], [ 121.662063283104359, 14.69541602448064 ], [ 121.660459409650713, 14.695026045739789 ], [ 121.659612853898409, 14.694886294170683 ] ] ], [ [ [ 121.700890052979872, 14.705629618251589 ], [ 121.702623597499155, 14.704635116386543 ], [ 121.69858979973705, 14.704647190814985 ], [ 121.698845321613291, 14.705647409260914 ], [ 121.699876837749869, 14.706635646673126 ], [ 121.700890052979872, 14.705629618251589 ] ] ], [ [ [ 121.637634104493529, 14.681082032412734 ], [ 121.636835645957163, 14.680739718027171 ], [ 121.635656088425208, 14.681461345732608 ], [ 121.63432697172162, 14.681955141652248 ], [ 121.633917350292862, 14.683163349472968 ], [ 121.633167952485564, 14.684403726482513 ], [ 121.633519153240812, 14.685247717999919 ], [ 121.632652593389082, 14.685756803622978 ], [ 121.630912211578803, 14.686104907670723 ], [ 121.630307655937841, 14.686213431495112 ], [ 121.628457567339552, 14.686603250291231 ], [ 121.627408309722313, 14.68748132106357 ], [ 121.627507804787868, 14.688504834452402 ], [ 121.625148948802334, 14.689368771797128 ], [ 121.624270842767558, 14.690421054803746 ], [ 121.62218063808541, 14.690554014282123 ], [ 121.622138667188494, 14.690529271754137 ], [ 121.620075766088789, 14.691297983219732 ], [ 121.619855358178825, 14.692393572990603 ], [ 121.619933417679889, 14.692610887699265 ], [ 121.62001254739711, 14.692675958323415 ], [ 121.620079860865573, 14.692765462137261 ], [ 121.621475886160624, 14.695340828866495 ], [ 121.621254064939208, 14.696693303604365 ], [ 121.621541368986257, 14.698100634688922 ], [ 121.621560320876696, 14.699355260808998 ], [ 121.622020550854984, 14.70077717099948 ], [ 121.622314513338637, 14.702714221750746 ], [ 121.62431072017776, 14.704609181785809 ], [ 121.624559059986254, 14.70461462050179 ], [ 121.627871051490146, 14.70422806381514 ], [ 121.628507461192811, 14.704238160965932 ], [ 121.629644262117381, 14.703734815511858 ], [ 121.631589692267511, 14.703753005640619 ], [ 121.632029519218506, 14.701400244051378 ], [ 121.632425178614412, 14.700749326692286 ], [ 121.632551437436007, 14.700609352794162 ], [ 121.632693600651805, 14.700156295554594 ], [ 121.634455992845048, 14.69837834410958 ], [ 121.634997749447535, 14.696656479399341 ], [ 121.634324723477221, 14.695056442680276 ], [ 121.632675519885055, 14.693809279515971 ], [ 121.632349253235319, 14.692892782908604 ], [ 121.632137316427119, 14.692578307437701 ], [ 121.63189600136495, 14.691825661302273 ], [ 121.632664745605112, 14.690025645301114 ], [ 121.633579409155203, 14.689380646065493 ], [ 121.634564761480405, 14.688485847549673 ], [ 121.635527610183857, 14.687191971926454 ], [ 121.636854825701349, 14.687434270874077 ], [ 121.638692123145191, 14.68668407635746 ], [ 121.639102348609285, 14.686577813747041 ], [ 121.641045901052919, 14.68522278599162 ], [ 121.642238589634317, 14.687309816913302 ], [ 121.641870475682666, 14.688465965320885 ], [ 121.642070981678927, 14.689451379428979 ], [ 121.64202128112457, 14.691619966903421 ], [ 121.642351442183866, 14.692550545800927 ], [ 121.642258876980719, 14.693707674652069 ], [ 121.64189087866302, 14.695845040257737 ], [ 121.641815539547792, 14.696637909986094 ], [ 121.64266669069859, 14.698176827101801 ], [ 121.642802735702347, 14.69904987826623 ], [ 121.643728208484362, 14.699204268924069 ], [ 121.64528633869449, 14.700037626905569 ], [ 121.646575812831998, 14.699453931742484 ], [ 121.648255105611398, 14.699511381009538 ], [ 121.648403240505573, 14.697665034679858 ], [ 121.648990877214885, 14.696618150329378 ], [ 121.648996877144, 14.696155004697795 ], [ 121.649111046342114, 14.69287458249234 ], [ 121.649115717823008, 14.69253191327229 ], [ 121.649302182045076, 14.692376201052678 ], [ 121.649461364099281, 14.692289142531148 ], [ 121.650726093945067, 14.691293519061942 ], [ 121.651734978432387, 14.690656557506022 ], [ 121.651786371144127, 14.690255519354148 ], [ 121.652602499675524, 14.688436341506803 ], [ 121.652340239360328, 14.687168129832713 ], [ 121.649931203990093, 14.684836442857231 ], [ 121.649438879226253, 14.684597258494229 ], [ 121.649230659237276, 14.684562398050208 ], [ 121.64559703919646, 14.684715613191434 ], [ 121.645241710214094, 14.684674854734382 ], [ 121.644607492387408, 14.684990831742445 ], [ 121.64287802414087, 14.68437731578822 ], [ 121.641882370642691, 14.683561114667546 ], [ 121.641039086987362, 14.682860112485606 ], [ 121.639806846944552, 14.681495505051124 ], [ 121.637634104493529, 14.681082032412734 ] ] ], [ [ [ 121.527924174434503, 14.700840071852918 ], [ 121.527746462035836, 14.698556550859308 ], [ 121.527600160074925, 14.700860791818823 ], [ 121.527612339680616, 14.701008488782938 ], [ 121.5276279571098, 14.701129733151882 ], [ 121.527755342651361, 14.702300739399497 ], [ 121.527906887518327, 14.701157973321285 ], [ 121.527941787095045, 14.701007748393353 ], [ 121.527924174434503, 14.700840071852918 ] ] ], [ [ [ 121.57428262053935, 14.696456133273548 ], [ 121.573915700524296, 14.696345983060636 ], [ 121.573601544974267, 14.696508465097276 ], [ 121.573916908337466, 14.696813904852284 ], [ 121.572276870748453, 14.698418302612682 ], [ 121.571943538901422, 14.698978394548247 ], [ 121.572179025500347, 14.700904080770366 ], [ 121.573038147870349, 14.70176978735452 ], [ 121.573930121306901, 14.701931679597489 ], [ 121.574712626275868, 14.701660228730447 ], [ 121.573927456830376, 14.700899810078372 ], [ 121.576563574360819, 14.698320936745288 ], [ 121.575046819074359, 14.696811138697688 ], [ 121.57428262053935, 14.696456133273548 ] ] ], [ [ [ 121.528267566505733, 14.692835088365106 ], [ 121.528254094664675, 14.692326610445134 ], [ 121.527732899407269, 14.692836289857143 ], [ 121.52752711032997, 14.692636896950264 ], [ 121.52738912844579, 14.69283706172093 ], [ 121.52736835584534, 14.693192767679488 ], [ 121.527740645297953, 14.696103553098789 ], [ 121.528173728357501, 14.693263415432423 ], [ 121.528267566505733, 14.692835088365106 ] ] ], [ [ [ 121.562400404571761, 14.691695361671089 ], [ 121.561308044085308, 14.690541410444434 ], [ 121.559469206269085, 14.690971843263736 ], [ 121.562443658151381, 14.69385299986728 ], [ 121.563064950710611, 14.692754243260499 ], [ 121.562400404571761, 14.691695361671089 ] ] ], [ [ [ 121.550333372138596, 14.68461252089182 ], [ 121.549147850630092, 14.684179000213975 ], [ 121.548700738251142, 14.684616339141417 ], [ 121.547379402433023, 14.68461942095041 ], [ 121.547433386786594, 14.685855938885931 ], [ 121.548705099834606, 14.686386071471118 ], [ 121.549994101435473, 14.685869308611874 ], [ 121.550333372138596, 14.68461252089182 ] ] ] ] } },
{ "type": "Feature", "properties": { "FID": 0, "Count": 507, "Length": 67429.261788799995, "Area": 11918731.289499998, "RangeMin": "0", "RangeMax": "Max", "Name": "{0, Max}", "layer": "Hour_11", "path": "C:/Users/Justine/OneDrive/Documents/PLAN/NOV21-1000.shp" }, "geometry": { "type": "MultiPolygon", "coordinates": [ [ [ [ 121.620377919056622, 14.799144124661632 ], [ 121.620375473163861, 14.798274669513534 ], [ 121.619841455332761, 14.798324596128724 ], [ 121.616195868474009, 14.798836047989024 ], [ 121.616177462412566, 14.798837922281212 ], [ 121.61616365679447, 14.79884060683584 ], [ 121.616133476623773, 14.798854125697893 ], [ 121.616160795219912, 14.798870357452458 ], [ 121.616177539729179, 14.798865595493846 ], [ 121.616188023355591, 14.798864185001051 ], [ 121.620037378529204, 14.799175180964868 ], [ 121.620377919056622, 14.799144124661632 ] ] ], [ [ [ 121.637083924615297, 14.767136169372144 ], [ 121.63649199697133, 14.766687183538762 ], [ 121.633978864339312, 14.767183613767148 ], [ 121.632884395116506, 14.766945449640572 ], [ 121.631362222397698, 14.768726139049853 ], [ 121.630757375147908, 14.770213896893969 ], [ 121.630628977102205, 14.772091164882148 ], [ 121.630034176470957, 14.773006120995531 ], [ 121.629737011237253, 14.774302530699932 ], [ 121.63208423742806, 14.775097482287183 ], [ 121.632908364972195, 14.775312305834632 ], [ 121.63351576737584, 14.774884512052765 ], [ 121.634220550075028, 14.774290384547223 ], [ 121.635323836951869, 14.772559539829063 ], [ 121.637095266278862, 14.771069302600841 ], [ 121.638131599877838, 14.771201881971797 ], [ 121.640217413396982, 14.771236484557352 ], [ 121.641295332372039, 14.771417278031807 ], [ 121.642280625143798, 14.771141982125769 ], [ 121.644299156836098, 14.771339682281658 ], [ 121.645493628424276, 14.771159232793849 ], [ 121.646381405699373, 14.771035335402203 ], [ 121.645490748038313, 14.77017360146615 ], [ 121.647584263197189, 14.768124870709199 ], [ 121.648121520832845, 14.76759909469339 ], [ 121.646912712469032, 14.767475135720748 ], [ 121.645481316898156, 14.766945868177526 ], [ 121.644720591072073, 14.766829776597445 ], [ 121.641291755349101, 14.770185181382208 ], [ 121.639186337694127, 14.768148027216222 ], [ 121.63784980753951, 14.766854785696781 ], [ 121.637083924615297, 14.767136169372144 ] ] ], [ [ [ 121.582631956719155, 14.770215504258973 ], [ 121.58250497457864, 14.770181974575513 ], [ 121.582351026779762, 14.7701898598315 ], [ 121.581762383720147, 14.770341136825026 ], [ 121.582422390793027, 14.770420470223355 ], [ 121.582505720197375, 14.770465026446939 ], [ 121.582626601207096, 14.770456627082631 ], [ 121.583237211320068, 14.770337458438282 ], [ 121.582631956719155, 14.770215504258973 ] ] ], [ [ [ 121.642948412362273, 14.762008889027857 ], [ 121.64173904348624, 14.761552587580407 ], [ 121.641266872372171, 14.761611102745535 ], [ 121.641268039845926, 14.762013511445685 ], [ 121.642771137872757, 14.763467914322623 ], [ 121.642948412362273, 14.762008889027857 ] ] ], [ [ [ 121.603719080514381, 14.761878687589633 ], [ 121.60347490857319, 14.760871691789836 ], [ 121.602935253044677, 14.76158861237275 ], [ 121.602414241041558, 14.762116983513563 ], [ 121.602758729195145, 14.762818155575145 ], [ 121.603481330126584, 14.763225184127084 ], [ 121.603734471208924, 14.76236219400894 ], [ 121.603960745419613, 14.762112989851284 ], [ 121.603719080514381, 14.761878687589633 ] ] ], [ [ [ 121.655153827762192, 14.760716723897517 ], [ 121.653858185091664, 14.759828755396427 ], [ 121.652988213956704, 14.761130707841426 ], [ 121.652908160054679, 14.761981240585031 ], [ 121.653423554227487, 14.762410171740809 ], [ 121.65386554531328, 14.762316469460595 ], [ 121.654183588301407, 14.762287236045415 ], [ 121.654864071389625, 14.761975760505186 ], [ 121.655153827762192, 14.760716723897517 ] ] ], [ [ [ 121.659061586174815, 14.757878082400072 ], [ 121.658657938903957, 14.757287101387325 ], [ 121.658049706681879, 14.757374746875655 ], [ 121.65765335515249, 14.757496010528932 ], [ 121.65636108896129, 14.757885691436007 ], [ 121.657018973038163, 14.758891250736768 ], [ 121.658053151958029, 14.758532000540297 ], [ 121.658388726113287, 14.758207469871397 ], [ 121.659061586174815, 14.757878082400072 ] ] ], [ [ [ 121.666423923920675, 14.749636865413587 ], [ 121.666336078782422, 14.749600332846436 ], [ 121.665952532046234, 14.749686814732719 ], [ 121.666302054390073, 14.749804915881237 ], [ 121.666424293425962, 14.749759478201995 ], [ 121.666465611907782, 14.749725658870409 ], [ 121.666567248126213, 14.749685060837725 ], [ 121.666470035872564, 14.749640475399502 ], [ 121.666423923920675, 14.749636865413587 ] ] ], [ [ [ 121.664055852153311, 14.739710119454102 ], [ 121.662193471894511, 14.739000985995999 ], [ 121.660725194937172, 14.740097832481458 ], [ 121.660725185623562, 14.740097823470126 ], [ 121.659501550081842, 14.741533398545027 ], [ 121.659729444693966, 14.743208447606575 ], [ 121.658013406493865, 14.745175464768495 ], [ 121.657799359166773, 14.745415059739479 ], [ 121.657380242900345, 14.745625235664162 ], [ 121.657682518607444, 14.745948629342328 ], [ 121.658015748034458, 14.745962720564687 ], [ 121.658535209860631, 14.746127025646487 ], [ 121.661046104173707, 14.745614890657283 ], [ 121.661838772614146, 14.745249277801046 ], [ 121.66221294191061, 14.745506775886911 ], [ 121.663839618390341, 14.743111127769787 ], [ 121.664465756020377, 14.741519333746981 ], [ 121.664055852153311, 14.739710119454102 ] ] ], [ [ [ 121.607904662463511, 14.737299720019879 ], [ 121.607604793657785, 14.735737573218668 ], [ 121.606024318650583, 14.736053285483754 ], [ 121.605894865995751, 14.737592587986988 ], [ 121.60665700952444, 14.738520416821947 ], [ 121.606942395619384, 14.741017051480853 ], [ 121.60718459807525, 14.741675148293217 ], [ 121.607281439130773, 14.742006311141523 ], [ 121.607627075005794, 14.743860384182954 ], [ 121.608683745023541, 14.742702666008157 ], [ 121.608651787000625, 14.74167133427464 ], [ 121.608038244194361, 14.741265861062146 ], [ 121.608249730156615, 14.738207532824719 ], [ 121.608030690798074, 14.737587046055662 ], [ 121.607904662463511, 14.737299720019879 ] ] ], [ [ [ 121.651770049635118, 14.73338334243614 ], [ 121.650406493557597, 14.732582161413715 ], [ 121.649579794267098, 14.732728683025929 ], [ 121.648773966219608, 14.73260777266621 ], [ 121.645878086005254, 14.733399692309039 ], [ 121.64615008096024, 14.734142942187543 ], [ 121.645384275124215, 14.733687921400128 ], [ 121.643457029857359, 14.735611186662192 ], [ 121.641322654013649, 14.737375462574979 ], [ 121.641196930881478, 14.737480906869429 ], [ 121.641189689884612, 14.737491410464051 ], [ 121.641188586679959, 14.737498480973143 ], [ 121.64118501731781, 14.737510167474312 ], [ 121.641197063492896, 14.737526700544324 ], [ 121.641197063519058, 14.73752670958196 ], [ 121.641260475776718, 14.737559911887539 ], [ 121.643616471189546, 14.739227942152446 ], [ 121.645401542378366, 14.73961188505152 ], [ 121.64645193489001, 14.738509348093714 ], [ 121.647534609724559, 14.737480989000248 ], [ 121.647742153697848, 14.735683576016799 ], [ 121.649586167363793, 14.734901326539502 ], [ 121.650371083323918, 14.734153272762368 ], [ 121.651770049635118, 14.73338334243614 ] ] ], [ [ [ 121.606137122274504, 14.732087423888776 ], [ 121.602168631253477, 14.728245601523689 ], [ 121.601903504124948, 14.729431080594644 ], [ 121.602180550417003, 14.730609805592263 ], [ 121.603060771603083, 14.733184404522101 ], [ 121.603152359737393, 14.733513766638804 ], [ 121.603192055224042, 14.733716914558304 ], [ 121.60340249013025, 14.734301142311088 ], [ 121.604481640645801, 14.734559900585323 ], [ 121.604335163212028, 14.733510714792027 ], [ 121.606137122274504, 14.732087423888776 ] ] ], [ [ [ 121.675178224345856, 14.708331702491966 ], [ 121.67469358349183, 14.707766085344781 ], [ 121.674184882856281, 14.708307877213246 ], [ 121.670851589987549, 14.708469918794963 ], [ 121.670498275121062, 14.708596256490232 ], [ 121.670206000612637, 14.708531741971834 ], [ 121.669917363691226, 14.708816857359787 ], [ 121.668136644062827, 14.710603291423485 ], [ 121.66823574557543, 14.711030987878075 ], [ 121.667780517951414, 14.712908834756533 ], [ 121.667518661523488, 14.714079247226936 ], [ 121.666320267788393, 14.715195372447898 ], [ 121.665065517425731, 14.715779486231993 ], [ 121.664386479705414, 14.717004367087343 ], [ 121.663916273293623, 14.718741424583625 ], [ 121.662137150254026, 14.720163258552573 ], [ 121.66148560456007, 14.720463453611679 ], [ 121.660806488440826, 14.72110036947802 ], [ 121.659957509244336, 14.723058864337368 ], [ 121.657949163947237, 14.723557852822836 ], [ 121.656660703417614, 14.723942800425746 ], [ 121.655790611925426, 14.725200359442175 ], [ 121.655598138665582, 14.726988734559171 ], [ 121.655449091617285, 14.727646309710925 ], [ 121.655229983300032, 14.729287806207397 ], [ 121.656294341415688, 14.730916611620534 ], [ 121.657972210430501, 14.731317091509192 ], [ 121.659160632228122, 14.730435914313309 ], [ 121.659198412921612, 14.729276653029448 ], [ 121.659883235843864, 14.72740351497894 ], [ 121.659878170882848, 14.727056147925131 ], [ 121.66129021027551, 14.726026211104328 ], [ 121.662152466400272, 14.725288682835721 ], [ 121.662219397934749, 14.725247507462697 ], [ 121.662323307907883, 14.725181952152694 ], [ 121.664406651497472, 14.723289907240707 ], [ 121.66634358389166, 14.722950428156343 ], [ 121.667434161382531, 14.722145333784038 ], [ 121.668296606279213, 14.721079092157716 ], [ 121.669416803309105, 14.719989778043521 ], [ 121.670532257453033, 14.719831650685682 ], [ 121.671864304262229, 14.718284032417619 ], [ 121.672235536008415, 14.716981948455199 ], [ 121.673063177837804, 14.715370177220485 ], [ 121.674712903295742, 14.714115137129021 ], [ 121.676240712439807, 14.714370812816536 ], [ 121.677965484358722, 14.713798717606508 ], [ 121.678911960965365, 14.714484272599094 ], [ 121.679931455349347, 14.713867962533454 ], [ 121.6796758427447, 14.712874589713852 ], [ 121.679464065581669, 14.712331417734488 ], [ 121.678904593783287, 14.712078748806718 ], [ 121.676892863065078, 14.710750896940954 ], [ 121.675233853450848, 14.7088015822403 ], [ 121.675178224345856, 14.708331702491966 ] ] ], [ [ [ 121.537503201479964, 14.728332800267532 ], [ 121.536209359746962, 14.726510405315539 ], [ 121.535138997814315, 14.728546631949182 ], [ 121.536216799057698, 14.729590680451466 ], [ 121.537867630540603, 14.73118977034561 ], [ 121.538710273699849, 14.729584962322084 ], [ 121.537503201479964, 14.728332800267532 ] ] ], [ [ [ 121.687911410542128, 14.728649285284412 ], [ 121.687346023644139, 14.726791852566185 ], [ 121.686133487116649, 14.728015369101906 ], [ 121.68395164410714, 14.729205549256584 ], [ 121.686390562277651, 14.730138386677986 ], [ 121.687356020820204, 14.730012140538422 ], [ 121.687675401820471, 14.729506982446818 ], [ 121.68772172568292, 14.729194487443211 ], [ 121.687911410542128, 14.728649285284412 ] ] ], [ [ [ 121.643593880387073, 14.712976582024764 ], [ 121.641815043951269, 14.712308959107013 ], [ 121.641124695242439, 14.712512527120385 ], [ 121.640476237325174, 14.712354424441873 ], [ 121.637525241440969, 14.712993184279716 ], [ 121.639585433891753, 14.714491289430596 ], [ 121.639543261253067, 14.715525889439789 ], [ 121.640094743526618, 14.717072064760632 ], [ 121.640137083231735, 14.71804875473349 ], [ 121.641058770435322, 14.721067079970167 ], [ 121.641064912790867, 14.721155289320814 ], [ 121.641098328918488, 14.721205320949036 ], [ 121.640311603154288, 14.724418394260708 ], [ 121.640477958741101, 14.725242783929206 ], [ 121.640786903029237, 14.725607549608444 ], [ 121.641163061896279, 14.725779952732282 ], [ 121.641791248387534, 14.725850378353114 ], [ 121.64425433859769, 14.725232415337766 ], [ 121.642578873553447, 14.723853647966404 ], [ 121.641301803891807, 14.721302289424743 ], [ 121.641209103345034, 14.721154894291152 ], [ 121.641195768774864, 14.721109950119015 ], [ 121.641798122945588, 14.71770822003486 ], [ 121.641707469327301, 14.717067649248264 ], [ 121.642057567684319, 14.716169008929683 ], [ 121.641992384512605, 14.713821821075271 ], [ 121.643593880387073, 14.712976582024764 ] ] ], [ [ [ 121.60795914727359, 14.724955881487448 ], [ 121.607574860061447, 14.72481715535082 ], [ 121.607576266655059, 14.725330514698987 ], [ 121.6079214480215, 14.725664675500301 ], [ 121.608264504300323, 14.725328727414956 ], [ 121.60795914727359, 14.724955881487448 ] ] ], [ [ [ 121.691474334023184, 14.704407989163242 ], [ 121.691090267867864, 14.704295953908481 ], [ 121.68735817792107, 14.70460162350451 ], [ 121.687276947268472, 14.704519348218001 ], [ 121.687076778786775, 14.704486532616219 ], [ 121.686846063378496, 14.704681943975217 ], [ 121.685074240862008, 14.706622667323341 ], [ 121.685082226864139, 14.706830284091344 ], [ 121.684477798803485, 14.708774732606463 ], [ 121.684564374410868, 14.71020299818124 ], [ 121.684675406955478, 14.711326812841239 ], [ 121.684761659009496, 14.71285976200795 ], [ 121.684710089763911, 14.714417579194935 ], [ 121.68311562398101, 14.71634097876087 ], [ 121.682221366531763, 14.716083430386208 ], [ 121.681704895636315, 14.716954547980938 ], [ 121.681577626733073, 14.718458178771533 ], [ 121.681219443897547, 14.719187756387033 ], [ 121.681160794106518, 14.721041983418221 ], [ 121.681660325781891, 14.72247533629487 ], [ 121.683135354098141, 14.722740200362068 ], [ 121.685011681742111, 14.72285655703643 ], [ 121.68590697308916, 14.722415471443883 ], [ 121.687333613906475, 14.722793330626637 ], [ 121.688313471034462, 14.721977169359352 ], [ 121.68851148081076, 14.721020458481068 ], [ 121.688817188428189, 14.719565890115867 ], [ 121.689199644509841, 14.718760937662616 ], [ 121.68939220444669, 14.71693201942181 ], [ 121.690855924119006, 14.716289724967961 ], [ 121.691511568525712, 14.716344842263162 ], [ 121.693514249957943, 14.714966439879818 ], [ 121.693648198930049, 14.71491750159255 ], [ 121.693642054753596, 14.71484128735778 ], [ 121.694430451853137, 14.712831264846075 ], [ 121.694528923466393, 14.711696071430328 ], [ 121.695005158501118, 14.70940810818967 ], [ 121.695077375914778, 14.708743491785052 ], [ 121.694698061837229, 14.707786266933141 ], [ 121.694593708733919, 14.705712682339072 ], [ 121.693188376242134, 14.704663249082728 ], [ 121.69182111148173, 14.704329530010511 ], [ 121.691474334023184, 14.704407989163242 ] ] ], [ [ [ 121.629854253909983, 14.711723724159654 ], [ 121.628526962301308, 14.711124345979767 ], [ 121.628001853201582, 14.712504028311237 ], [ 121.628001862512662, 14.712504037324013 ], [ 121.628043405520813, 14.713018806063472 ], [ 121.628110970560911, 14.713429860159863 ], [ 121.628539117546069, 14.715414745668376 ], [ 121.630097545534184, 14.714532541039027 ], [ 121.630688237001877, 14.713011698221917 ], [ 121.629854253909983, 14.711723724159654 ] ] ], [ [ [ 121.659489483743059, 14.695007077872129 ], [ 121.657863106913894, 14.694543685700539 ], [ 121.656707188090948, 14.69546882840798 ], [ 121.655648930532578, 14.696599616677048 ], [ 121.654858042288311, 14.697753386374705 ], [ 121.653675184301534, 14.697823351368223 ], [ 121.651588414451524, 14.698663209091279 ], [ 121.650532332953091, 14.700699756313737 ], [ 121.651111998698141, 14.702276366007727 ], [ 121.651274240893287, 14.703049651733398 ], [ 121.652305141393512, 14.704780713288965 ], [ 121.651474620443082, 14.706701559083637 ], [ 121.649503684222935, 14.706754246382928 ], [ 121.6478099381345, 14.707229142626703 ], [ 121.645814402217937, 14.708884579540747 ], [ 121.647646828738175, 14.710698069657049 ], [ 121.649515245412729, 14.71070310681975 ], [ 121.650676251633385, 14.710003157297999 ], [ 121.652759960843667, 14.708865321612974 ], [ 121.651962585043663, 14.707173804240528 ], [ 121.653703026396954, 14.707275913669728 ], [ 121.654324478447137, 14.7053853788967 ], [ 121.654743378472716, 14.704773909969138 ], [ 121.656167563606957, 14.703094894139035 ], [ 121.657884239635607, 14.701674548481654 ], [ 121.658728809217479, 14.701499428306617 ], [ 121.659351003017164, 14.700675102309022 ], [ 121.66043969137813, 14.699081038564309 ], [ 121.662071426486747, 14.698146543934717 ], [ 121.663120263609898, 14.697601089757734 ], [ 121.663562302127715, 14.696577340142191 ], [ 121.662805279889668, 14.695858509390742 ], [ 121.66206359012692, 14.695518981112075 ], [ 121.660623777876239, 14.695185115974812 ], [ 121.659489483743059, 14.695007077872129 ] ] ], [ [ [ 121.700539357725745, 14.705290356232366 ], [ 121.700765542731816, 14.704640686847631 ], [ 121.698729920188455, 14.704646772566761 ], [ 121.698973053259579, 14.705522317527997 ], [ 121.699875874964079, 14.70633063853789 ], [ 121.700539357725745, 14.705290356232366 ] ] ], [ [ [ 121.637857015828359, 14.681297817367758 ], [ 121.636836030264632, 14.680873891459111 ], [ 121.635321454619259, 14.681788903646552 ], [ 121.634473669221777, 14.68209715290565 ], [ 121.634185327384372, 14.682901036455306 ], [ 121.633259337881825, 14.684403479813904 ], [ 121.633648610232513, 14.685373047350865 ], [ 121.632652923167129, 14.685872666755094 ], [ 121.630804921406252, 14.686209925748809 ], [ 121.630374818390678, 14.686278449408602 ], [ 121.628457696713625, 14.686649008128397 ], [ 121.627440624580004, 14.687512604699469 ], [ 121.627530449650408, 14.688504773869026 ], [ 121.625182846357504, 14.689401596983283 ], [ 121.624270972956154, 14.690467400113009 ], [ 121.622193716533133, 14.690582566046816 ], [ 121.62195488734281, 14.690774962837445 ], [ 121.620076089320747, 14.691413828501027 ], [ 121.6198788376838, 14.692416304187951 ], [ 121.619948867376252, 14.692610846859584 ], [ 121.62001980681282, 14.692668853520519 ], [ 121.620079809568637, 14.692747079450911 ], [ 121.621482386357599, 14.6953344761647 ], [ 121.621260573614421, 14.696693286358027 ], [ 121.621537207355843, 14.698096614880074 ], [ 121.621546616574975, 14.699368673032751 ], [ 121.621985769190232, 14.700777263297526 ], [ 121.622322263762698, 14.702706636567465 ], [ 121.624310438018668, 14.704508845397788 ], [ 121.624656703948077, 14.704519048087354 ], [ 121.627855148796769, 14.704212669951888 ], [ 121.628507430283463, 14.704227243449939 ], [ 121.629650614154983, 14.703728607587232 ], [ 121.631580269727152, 14.703743893880411 ], [ 121.632127334355076, 14.701304496458571 ], [ 121.632474992611549, 14.700749192260032 ], [ 121.632577498187942, 14.700634579097606 ], [ 121.632693943642977, 14.700276668342626 ], [ 121.634497034471451, 14.69841807137909 ], [ 121.635045891225019, 14.696656348979417 ], [ 121.634360740753507, 14.695021188391699 ], [ 121.632675267279225, 14.69372058372813 ], [ 121.632362095382689, 14.6928802129144 ], [ 121.632152338991148, 14.692578266937035 ], [ 121.631915590311053, 14.69184463298074 ], [ 121.632664875732033, 14.690071348861606 ], [ 121.633574400224106, 14.689375797287653 ], [ 121.634521709378632, 14.68848596403282 ], [ 121.635448556784453, 14.687115446586098 ], [ 121.636854589862438, 14.6873519737854 ], [ 121.638872800989475, 14.686507212670591 ], [ 121.638994469378019, 14.686473396375167 ], [ 121.641045375901953, 14.685040713060632 ], [ 121.642302305188181, 14.687247453730425 ], [ 121.641917046528576, 14.688465837842465 ], [ 121.642124219803293, 14.689502911429194 ], [ 121.642060675917477, 14.691581403453858 ], [ 121.64240074357177, 14.692550410711183 ], [ 121.642304369620973, 14.693751708377738 ], [ 121.641949911790007, 14.695787253997773 ], [ 121.641868602203175, 14.696637764675129 ], [ 121.642801197859043, 14.698307017252437 ], [ 121.642901146792411, 14.698953546275408 ], [ 121.643564714769042, 14.699046024522762 ], [ 121.645286063994547, 14.699943120173295 ], [ 121.646732606966694, 14.699300436158287 ], [ 121.648114179106798, 14.699374984952229 ], [ 121.648227181804586, 14.697837374040464 ], [ 121.648913952727924, 14.69661836334317 ], [ 121.648922974289647, 14.696083476940293 ], [ 121.649053747239478, 14.692930684669712 ], [ 121.649060855018831, 14.692532065187718 ], [ 121.649277414732779, 14.692352238345093 ], [ 121.649461256014732, 14.69225217853857 ], [ 121.65096389684831, 14.691060706852314 ], [ 121.651678506926785, 14.690601900711 ], [ 121.651714001376902, 14.690326377460098 ], [ 121.652559327038816, 14.688436461671152 ], [ 121.65229211122471, 14.687121547730715 ], [ 121.649994814865408, 14.684898012328228 ], [ 121.649438960308316, 14.684625004101102 ], [ 121.649205783315679, 14.684586751293173 ], [ 121.645636385602415, 14.684753707392614 ], [ 121.645241810839977, 14.684709514177424 ], [ 121.644528668921666, 14.685067986626105 ], [ 121.642531228247563, 14.684378266041225 ], [ 121.641722232252121, 14.683717878655376 ], [ 121.641039785683645, 14.683102394429298 ], [ 121.639709636207286, 14.681590657447911 ], [ 121.637857015828359, 14.681297817367758 ] ] ], [ [ [ 121.527911390511974, 14.700852581917461 ], [ 121.527746842649762, 14.698717044899171 ], [ 121.527611635117239, 14.700871909758447 ], [ 121.527622934069456, 14.701008464980736 ], [ 121.527637406157254, 14.701120502311458 ], [ 121.52775509382684, 14.702195846210619 ], [ 121.527895263561547, 14.701146720163859 ], [ 121.52792764576877, 14.701007780183732 ], [ 121.527911390511974, 14.700852581917461 ] ] ], [ [ [ 121.57427134920836, 14.696467159898333 ], [ 121.573915738899117, 14.696360850201719 ], [ 121.573611262792241, 14.696517885879608 ], [ 121.573916908337466, 14.696813904852284 ], [ 121.572248122318868, 14.698446426159412 ], [ 121.571928794594754, 14.698964114558802 ], [ 121.572152962211788, 14.70090414433246 ], [ 121.573025385056013, 14.701782272658845 ], [ 121.573930161238437, 14.701947143224338 ], [ 121.57472476458679, 14.701671993358016 ], [ 121.573927456830376, 14.700899810078372 ], [ 121.576567890242075, 14.698316714512071 ], [ 121.575013969002612, 14.696811219196208 ], [ 121.57427134920836, 14.696467159898333 ] ] ], [ [ [ 121.582335308333313, 14.700891136505311 ], [ 121.582322899744355, 14.700879119899829 ], [ 121.582315536950574, 14.70088633228103 ], [ 121.582322928848996, 14.700890227305363 ], [ 121.582335308333313, 14.700891136505311 ] ] ], [ [ [ 121.582340931699108, 14.700861478503075 ], [ 121.5823227885124, 14.700836669546753 ], [ 121.582289890856458, 14.700847153742465 ], [ 121.582322899744355, 14.700879119899829 ], [ 121.582340931699108, 14.700861478503075 ] ] ], [ [ [ 121.528278699019765, 14.69283506333527 ], [ 121.528262181561857, 14.692318693142319 ], [ 121.527732899407269, 14.692836289857143 ], [ 121.52752222457535, 14.692632172061035 ], [ 121.527380688531835, 14.692837080664534 ], [ 121.527360426340934, 14.693200521917143 ], [ 121.527740559731157, 14.696067464978402 ], [ 121.528182671705736, 14.693272080745849 ], [ 121.528278699019765, 14.69283506333527 ] ] ], [ [ [ 121.56240714722334, 14.691688765964164 ], [ 121.561308020737883, 14.690532155737197 ], [ 121.559463910341037, 14.690966713340897 ], [ 121.562450117677869, 14.69385925665981 ], [ 121.563072787060705, 14.692754224466531 ], [ 121.56240714722334, 14.691688765964164 ] ] ], [ [ [ 121.550326640911294, 14.684612536657747 ], [ 121.549148239640175, 14.68417861971407 ], [ 121.548700738251142, 14.684616339141417 ], [ 121.547375549383617, 14.684619429926046 ], [ 121.547440963358468, 14.685848537287798 ], [ 121.548705051095581, 14.686366296715256 ], [ 121.549984440943462, 14.685859949913837 ], [ 121.550326640911294, 14.684612536657747 ] ] ] ] } },
{ "type": "Feature", "properties": { "FID": 0, "Count": 622, "Length": 83553.054269100001, "Area": 14685785.0756, "RangeMin": "0", "RangeMax": "Max", "Name": "{0, Max}", "layer": "Hour_2", "path": "C:/Users/Justine/OneDrive/Documents/PLAN/NOV21-0100.shp" }, "geometry": { "type": "MultiPolygon", "coordinates": [ [ [ [ 121.612355735416443, 14.806689410039741 ], [ 121.611996703582477, 14.805629274282873 ], [ 121.611100113346112, 14.806165403759708 ], [ 121.612000611130796, 14.807036767334312 ], [ 121.612355735416443, 14.806689410039741 ] ] ], [ [ [ 121.616215961941876, 14.798816392089732 ], [ 121.616177373607201, 14.798806136948411 ], [ 121.616136132646361, 14.798813973239872 ], [ 121.616045145767387, 14.79885435926761 ], [ 121.616126676115158, 14.798903724467543 ], [ 121.616177605607518, 14.798889174661564 ], [ 121.616200104204566, 14.798875883976573 ], [ 121.616177507358202, 14.79885400925655 ], [ 121.616215961941876, 14.798816392089732 ] ] ], [ [ [ 121.650358450452046, 14.765409930295577 ], [ 121.649673536561224, 14.764650026058238 ], [ 121.648319637662908, 14.764762134984469 ], [ 121.645684403400082, 14.76608720632766 ], [ 121.64553426642712, 14.766141432019493 ], [ 121.645478937699551, 14.766131480953156 ], [ 121.645439578963305, 14.766126158179066 ], [ 121.643385302293723, 14.768136487126057 ], [ 121.641291755349101, 14.770185181382208 ], [ 121.639186337694127, 14.768148027216222 ], [ 121.636471139155404, 14.765520764125643 ], [ 121.635769648804683, 14.766114427778126 ], [ 121.633797535400731, 14.76700816050656 ], [ 121.632884116898325, 14.766848304235587 ], [ 121.631506473076996, 14.768865724537717 ], [ 121.631014205278319, 14.770213202519422 ], [ 121.630840835134919, 14.772216839684479 ], [ 121.630909761190424, 14.772362865088725 ], [ 121.630234176210976, 14.774301188144781 ], [ 121.632330650868496, 14.774856375826786 ], [ 121.632907450127064, 14.774993070120773 ], [ 121.633325965656184, 14.774700857474842 ], [ 121.633911218926769, 14.77429122533856 ], [ 121.635189305205117, 14.772429356794678 ], [ 121.637094797998955, 14.770906932863859 ], [ 121.638011634624306, 14.771085804727839 ], [ 121.640017747921306, 14.771431866667818 ], [ 121.641296142857129, 14.771696431547712 ], [ 121.642575067241424, 14.771426870263358 ], [ 121.644051519906341, 14.771582024413963 ], [ 121.645494345470823, 14.771404585473219 ], [ 121.64642974742479, 14.771082106948271 ], [ 121.645490748038313, 14.77017360146615 ], [ 121.647584263197189, 14.768124870709199 ], [ 121.649677729848861, 14.766076122234312 ], [ 121.650069397098719, 14.766455065265939 ], [ 121.65007008072196, 14.766075029479383 ], [ 121.650358450452046, 14.765409930295577 ] ] ], [ [ [ 121.595143019869226, 14.774364543938059 ], [ 121.595113353954062, 14.774330321334849 ], [ 121.595069149661242, 14.774350443586892 ], [ 121.595113523790644, 14.7743933953102 ], [ 121.595090660643208, 14.774415767783386 ], [ 121.595113800875055, 14.774496298344753 ], [ 121.595140502152347, 14.77441950887172 ], [ 121.595150091356885, 14.774393302082634 ], [ 121.595143019869226, 14.774364543938059 ] ] ], [ [ [ 121.582668281686821, 14.770179976565275 ], [ 121.582504857448512, 14.770137509068089 ], [ 121.582307447428761, 14.770147662714928 ], [ 121.581550495873344, 14.770341664523476 ], [ 121.582398322299866, 14.770444001317182 ], [ 121.582505388965373, 14.770339284863226 ], [ 121.582398331587896, 14.770444001294022 ], [ 121.582505812142074, 14.770499930061755 ], [ 121.582660878119526, 14.770489809578249 ], [ 121.583475059136276, 14.770336864336981 ], [ 121.582668281686821, 14.770179976565275 ] ] ], [ [ [ 121.644297487474262, 14.762005169108466 ], [ 121.642201080201446, 14.761100426919359 ], [ 121.641265581731957, 14.761166226291504 ], [ 121.641268039845926, 14.762013511445685 ], [ 121.643373405315501, 14.764050649324275 ], [ 121.645327306305362, 14.765941187333864 ], [ 121.644086739633735, 14.763352581775369 ], [ 121.644297487474262, 14.762005169108466 ] ] ], [ [ [ 121.603473662243175, 14.760414864293013 ], [ 121.603473662218519, 14.760414855255334 ], [ 121.602725401445909, 14.761385479396123 ], [ 121.601942252106426, 14.762118200306775 ], [ 121.602484413078756, 14.763086516025599 ], [ 121.603482583850621, 14.763684623401106 ], [ 121.60383679511132, 14.762461245220688 ], [ 121.60413465654662, 14.762112540099169 ], [ 121.603812025067711, 14.761787762658939 ], [ 121.603473662243175, 14.760414864293013 ] ] ], [ [ [ 121.660416287485006, 14.757874253450897 ], [ 121.659398935995156, 14.756561824936858 ], [ 121.658048087211725, 14.756830738470926 ], [ 121.657191621297002, 14.757049295926437 ], [ 121.653880264483007, 14.757892653703831 ], [ 121.653928265630128, 14.757966076815809 ], [ 121.653852504996465, 14.757908592564068 ], [ 121.651952803724384, 14.760128929998185 ], [ 121.651561622897034, 14.761985003694987 ], [ 121.652772024125611, 14.763047821878772 ], [ 121.653866834109635, 14.762752027005357 ], [ 121.654548514469468, 14.762640299395184 ], [ 121.655805531343276, 14.761973116816232 ], [ 121.656131158887291, 14.760097383932465 ], [ 121.65805528125577, 14.759247171660929 ], [ 121.658794634749896, 14.758600176732752 ], [ 121.660416287485006, 14.757874253450897 ] ] ], [ [ [ 121.632861342156318, 14.758893612021668 ], [ 121.632846951322477, 14.753864739858081 ], [ 121.631920632334754, 14.753867247740322 ], [ 121.631942582640761, 14.754749711099263 ], [ 121.632231171832458, 14.757343383246907 ], [ 121.632248719876316, 14.757952232756185 ], [ 121.63246785130157, 14.758332985117043 ], [ 121.632861342156318, 14.758893612021668 ] ] ], [ [ [ 121.666811167027163, 14.737012926836474 ], [ 121.666385174917195, 14.736772438666563 ], [ 121.665905175272286, 14.736961681810939 ], [ 121.665900573965331, 14.737429384983535 ], [ 121.664238457851511, 14.739423043206971 ], [ 121.66219218820477, 14.738571935359904 ], [ 121.660469378882468, 14.73985032701952 ], [ 121.659148703001236, 14.741534394191518 ], [ 121.659317948059751, 14.742810306893206 ], [ 121.658010820583755, 14.744305993915278 ], [ 121.657353754892597, 14.744983915713844 ], [ 121.656022514739703, 14.745629052408148 ], [ 121.656888036079124, 14.746726269854886 ], [ 121.65801473892023, 14.745623449283686 ], [ 121.65688803610594, 14.746726278892472 ], [ 121.658018751687806, 14.746972518002867 ], [ 121.659948369202155, 14.747494304406732 ], [ 121.660409777623713, 14.747376893360959 ], [ 121.661013258828447, 14.748524587236728 ], [ 121.661990016235791, 14.74969808128008 ], [ 121.662012574205392, 14.749905820257796 ], [ 121.661625193250629, 14.753190634232626 ], [ 121.661668801292706, 14.75378485416153 ], [ 121.661295272877268, 14.754705720107305 ], [ 121.662242239101374, 14.755290185196122 ], [ 121.662450006425715, 14.753988616100612 ], [ 121.662784582319716, 14.753781689295144 ], [ 121.663328181540379, 14.752715880162349 ], [ 121.662711507192441, 14.750167629025349 ], [ 121.665059163019862, 14.751021529188645 ], [ 121.666426596491149, 14.750523677491714 ], [ 121.666879006666079, 14.75012558773142 ], [ 121.667758491892144, 14.749681657354103 ], [ 121.666884992919108, 14.749234286371578 ], [ 121.666422570477195, 14.74918774308219 ], [ 121.665519903520206, 14.748810717746629 ], [ 121.662450634625245, 14.749477033439891 ], [ 121.662962830909322, 14.746336800530523 ], [ 121.662601482648427, 14.745610483845876 ], [ 121.663141193375552, 14.74470327006024 ], [ 121.664074020193468, 14.743337912428906 ], [ 121.664784065606142, 14.741518428264699 ], [ 121.664328567916996, 14.73951022644547 ], [ 121.666388063347341, 14.737731814500981 ], [ 121.666601848096391, 14.737635721870204 ], [ 121.666929739273812, 14.737426450142593 ], [ 121.666811167027163, 14.737012926836474 ] ] ], [ [ [ 121.632702205736592, 14.745575576128608 ], [ 121.628789904337182, 14.745543043149873 ], [ 121.628624666562729, 14.745571052682353 ], [ 121.628511757828761, 14.745594736917161 ], [ 121.628337791943338, 14.745705139462313 ], [ 121.632823578584123, 14.745693035962454 ], [ 121.632991766754927, 14.745855801487654 ], [ 121.632979431277406, 14.745692613878553 ], [ 121.632977487951067, 14.745542421457348 ], [ 121.632823151505022, 14.745543670899464 ], [ 121.632702205736592, 14.745575576128608 ] ] ], [ [ [ 121.607695762654743, 14.737504100292458 ], [ 121.607608738993477, 14.737176237835603 ], [ 121.607207161321028, 14.737198311428516 ], [ 121.606973012341243, 14.737589792930756 ], [ 121.60724720334953, 14.737942972612277 ], [ 121.606817491104948, 14.740896143200583 ], [ 121.607014287973371, 14.741675590418655 ], [ 121.607147482684653, 14.742137371949584 ], [ 121.607629402129902, 14.744708462325294 ], [ 121.609149812808042, 14.743153809655118 ], [ 121.609129108310952, 14.741670091452056 ], [ 121.608174357604696, 14.741132688361468 ], [ 121.607838509923269, 14.737809467540879 ], [ 121.607739008077189, 14.737587804061659 ], [ 121.607695762654743, 14.737504100292458 ] ] ], [ [ [ 121.637943654652545, 14.741593241555698 ], [ 121.637516464257772, 14.741100478437012 ], [ 121.63700969551374, 14.74136540858988 ], [ 121.636935893942663, 14.7415237243736 ], [ 121.636873583698105, 14.741596159655886 ], [ 121.636872642358654, 14.741730561946605 ], [ 121.637010747345258, 14.741730935737314 ], [ 121.637181368079581, 14.741761280216396 ], [ 121.637943654652545, 14.741593241555698 ] ] ], [ [ [ 121.67531281303431, 14.708199933640737 ], [ 121.674692489264416, 14.707406398184482 ], [ 121.673952335385593, 14.70808286710621 ], [ 121.671215480932148, 14.708113649816612 ], [ 121.670497518876402, 14.708346113796424 ], [ 121.669884941079985, 14.708221077872789 ], [ 121.669333060408576, 14.708818528719227 ], [ 121.667841053995446, 14.710317269911114 ], [ 121.66805259189934, 14.711210312144168 ], [ 121.667644281922065, 14.71290922342542 ], [ 121.667394299731598, 14.713958912741989 ], [ 121.666319429159159, 14.714916354540755 ], [ 121.664852750713848, 14.715573597860391 ], [ 121.663967113086358, 14.717005557407839 ], [ 121.663467724632724, 14.718307396982485 ], [ 121.662134372787094, 14.719233587057644 ], [ 121.660883415787595, 14.719880751626844 ], [ 121.659637433522761, 14.721103668583517 ], [ 121.659179194205947, 14.722305725223197 ], [ 121.657946413801682, 14.722631633179285 ], [ 121.655983708343101, 14.723287695952397 ], [ 121.654788236041171, 14.725203167546333 ], [ 121.654617066550614, 14.726039379960611 ], [ 121.653767638112015, 14.7291857422459 ], [ 121.653739631064937, 14.729264484586979 ], [ 121.653735756298929, 14.729291988069262 ], [ 121.653463943501521, 14.729589482208825 ], [ 121.652360884991054, 14.732004513538921 ], [ 121.651549855941369, 14.731463031250069 ], [ 121.649576731208271, 14.731684331824873 ], [ 121.647783564927579, 14.731649377573659 ], [ 121.646702724428508, 14.732109794159721 ], [ 121.64537945032221, 14.732032173930353 ], [ 121.644591844756619, 14.732635028017738 ], [ 121.644106983389506, 14.733404577702586 ], [ 121.642628155042217, 14.734809065683246 ], [ 121.641191896726852, 14.735742382900513 ], [ 121.640303496327022, 14.736633802322045 ], [ 121.639998062166669, 14.737501743109426 ], [ 121.639771839886563, 14.738893219769734 ], [ 121.641204751348539, 14.740181215056799 ], [ 121.642282800013348, 14.740533201835227 ], [ 121.64419538665409, 14.740400045893448 ], [ 121.645404449962314, 14.740609141364756 ], [ 121.647033698202065, 14.739072305022267 ], [ 121.648457857036661, 14.737478429689824 ], [ 121.648644743295705, 14.736556988512671 ], [ 121.649590255343142, 14.736294764437238 ], [ 121.651317773422079, 14.735069345553121 ], [ 121.652980568247031, 14.734160251519889 ], [ 121.653780941092492, 14.73369223946279 ], [ 121.653996065456013, 14.733586791596913 ], [ 121.654849139004725, 14.733374738463576 ], [ 121.656816307601389, 14.732241597615252 ], [ 121.657975808902833, 14.732528202865655 ], [ 121.659896062175804, 14.731147509206009 ], [ 121.66009794384361, 14.729274115462196 ], [ 121.660551333619679, 14.727707509129601 ], [ 121.662155180666616, 14.726196781089399 ], [ 121.662810141137271, 14.725819121093494 ], [ 121.663740059328134, 14.725177935831411 ], [ 121.665133765510589, 14.723993448209688 ], [ 121.666346061497904, 14.723774223123938 ], [ 121.66792693500426, 14.72262212849412 ], [ 121.66906397446526, 14.72107689860262 ], [ 121.669696213508018, 14.720260126530711 ], [ 121.670533022318068, 14.720084423070492 ], [ 121.672001522966866, 14.718416790280942 ], [ 121.672450135674197, 14.716981331777005 ], [ 121.673195645737508, 14.715498347944598 ], [ 121.674713456475985, 14.714296883018658 ], [ 121.67638938620135, 14.71451465133811 ], [ 121.677758525609846, 14.714001363117774 ], [ 121.678912348419928, 14.714610771601011 ], [ 121.680006575477947, 14.71394063295312 ], [ 121.679751565338321, 14.712874369762996 ], [ 121.67950886359688, 14.712287563456067 ], [ 121.678904441399212, 14.712028987882629 ], [ 121.676950316610998, 14.71069464301474 ], [ 121.675374348651303, 14.70880117692162 ], [ 121.67531281303431, 14.708199933640737 ] ] ], [ [ [ 121.69333233955696, 14.706465037159981 ], [ 121.691478107956229, 14.705618353848688 ], [ 121.690266367735148, 14.705852028825429 ], [ 121.688383071588518, 14.705750352209005 ], [ 121.687282016325995, 14.706155067218083 ], [ 121.685639936404982, 14.707169985280794 ], [ 121.684968282114966, 14.708773297667836 ], [ 121.685088047659065, 14.710709643957673 ], [ 121.685111079376213, 14.710900207737303 ], [ 121.685219002510692, 14.712858423152777 ], [ 121.684879221133528, 14.714581207890733 ], [ 121.683115687692023, 14.716361647684149 ], [ 121.682228509887281, 14.716090341435455 ], [ 121.681731535988007, 14.716954470348679 ], [ 121.680854915340589, 14.718835093016896 ], [ 121.680883267090451, 14.71913804300716 ], [ 121.680481596284338, 14.721043960533521 ], [ 121.681295179929904, 14.722832845258099 ], [ 121.683136050695907, 14.722966076229703 ], [ 121.685095197717459, 14.723210325895767 ], [ 121.687324812301114, 14.72510980275486 ], [ 121.687212682886624, 14.72523520423784 ], [ 121.685424410479143, 14.727329413805686 ], [ 121.684562600963119, 14.727829976276078 ], [ 121.68315395075912, 14.728768941710134 ], [ 121.68253209846371, 14.728604980710346 ], [ 121.682166957076916, 14.729210764305332 ], [ 121.682394721313614, 14.729952559944616 ], [ 121.68315839531013, 14.730209384179906 ], [ 121.683865871481302, 14.729895272750733 ], [ 121.685824140051182, 14.730692990051217 ], [ 121.687357599839714, 14.730520701634889 ], [ 121.68789242241489, 14.729716920711011 ], [ 121.68797638752504, 14.72919373802524 ], [ 121.688276128493044, 14.728292174059572 ], [ 121.687350647555377, 14.725119288624329 ], [ 121.687413325709798, 14.725109542527763 ], [ 121.687482697954607, 14.724970809639665 ], [ 121.689182523737117, 14.722817893523059 ], [ 121.689436378230027, 14.721017733592257 ], [ 121.68963257698212, 14.719179758097122 ], [ 121.689565115488406, 14.718833517195312 ], [ 121.689680614303469, 14.716931169238952 ], [ 121.69077803354665, 14.716214382260009 ], [ 121.69151126093854, 14.716246278695198 ], [ 121.693455618303346, 14.714731192324187 ], [ 121.694136625005768, 14.712832136794868 ], [ 121.694279839248395, 14.711455108123889 ], [ 121.694744335518891, 14.709663527171269 ], [ 121.69487121629264, 14.708744104034279 ], [ 121.693883357717667, 14.706998107233511 ], [ 121.693833215525913, 14.706457425364889 ], [ 121.69333233955696, 14.706465037159981 ] ] ], [ [ [ 121.604080713743073, 14.730096679140118 ], [ 121.603038492058573, 14.729087715493879 ], [ 121.602978704531324, 14.729428313140788 ], [ 121.603061451522905, 14.729747937448218 ], [ 121.603392972060277, 14.730804926270086 ], [ 121.604080713743073, 14.730096679140118 ] ] ], [ [ [ 121.537153449861762, 14.728674799258947 ], [ 121.536210685559396, 14.727059416127108 ], [ 121.535469110660912, 14.728866414775364 ], [ 121.537462904613122, 14.730797732981989 ], [ 121.538136654555771, 14.729586280145337 ], [ 121.537153449861762, 14.728674799258947 ] ] ], [ [ [ 121.674965399863709, 14.729231668274959 ], [ 121.674959167423083, 14.729036228898645 ], [ 121.674758474946046, 14.729079140607229 ], [ 121.674684180814594, 14.729159934763407 ], [ 121.674586340406421, 14.729232762365644 ], [ 121.674631552614102, 14.729356971967547 ], [ 121.674759535676216, 14.729427240922213 ], [ 121.674920012094717, 14.729388096520522 ], [ 121.674965399863709, 14.729231668274959 ] ] ], [ [ [ 121.659814036021459, 14.694689329412615 ], [ 121.657861605732265, 14.694036990737031 ], [ 121.656419604054719, 14.695190495404423 ], [ 121.655133653234458, 14.696601057847735 ], [ 121.654531256154613, 14.697437120933763 ], [ 121.653674202099424, 14.697489763066455 ], [ 121.651979987005305, 14.698261170645313 ], [ 121.651176553447769, 14.698264597759598 ], [ 121.651029487582477, 14.699191661590362 ], [ 121.650138743493642, 14.700700848839432 ], [ 121.650384723297321, 14.701572495512313 ], [ 121.650605744794291, 14.703704050381933 ], [ 121.651099513675803, 14.704784067832723 ], [ 121.650693637479804, 14.705945728367412 ], [ 121.649501371450469, 14.705964148779147 ], [ 121.64775451616822, 14.706495135156395 ], [ 121.647069954806284, 14.706512969951419 ], [ 121.6453088962501, 14.707795915735625 ], [ 121.644669716903422, 14.70826427540652 ], [ 121.644496509510319, 14.708888210168034 ], [ 121.643145277130472, 14.710863241523622 ], [ 121.6411217329387, 14.71148758523861 ], [ 121.639211203002816, 14.711130042965474 ], [ 121.638642595365141, 14.711316750249811 ], [ 121.636918799123819, 14.709739001741791 ], [ 121.635951490786468, 14.712049514318759 ], [ 121.635479969636449, 14.712998743820561 ], [ 121.635732074119275, 14.714165472039822 ], [ 121.636933128395512, 14.714729786205149 ], [ 121.638111126520229, 14.715934307759563 ], [ 121.638456667293013, 14.717076538188913 ], [ 121.638423549811662, 14.718516644888183 ], [ 121.637928836362804, 14.720210090111612 ], [ 121.63788993374888, 14.721163964861109 ], [ 121.639060276619901, 14.723200069696199 ], [ 121.63905871463561, 14.723205840025294 ], [ 121.639423633633285, 14.725245667733144 ], [ 121.640195953231881, 14.72618592712559 ], [ 121.641165892520434, 14.726758268170016 ], [ 121.642689042470906, 14.726719239229412 ], [ 121.644685609682398, 14.725889100015571 ], [ 121.645361446527787, 14.725851890112915 ], [ 121.645598429778062, 14.725460463952084 ], [ 121.645654278514158, 14.725228555956386 ], [ 121.645738326320611, 14.724858717999213 ], [ 121.645356984848064, 14.724319848651472 ], [ 121.643904908296548, 14.722555757294881 ], [ 121.643163094785066, 14.721149532215652 ], [ 121.642714691752289, 14.719623264096365 ], [ 121.642831082320868, 14.718707930119654 ], [ 121.6425798206118, 14.717065256142993 ], [ 121.643370681348912, 14.715155782344643 ], [ 121.645326517506604, 14.713853252068004 ], [ 121.645758385630714, 14.713392267551157 ], [ 121.646365348079968, 14.712968947135085 ], [ 121.647883094490282, 14.71137424128125 ], [ 121.64951718924948, 14.711366930249437 ], [ 121.651037282443994, 14.710352554732665 ], [ 121.653616418335034, 14.708862932503374 ], [ 121.65356564868091, 14.708725204023052 ], [ 121.653707306800897, 14.708728532128083 ], [ 121.65484046523126, 14.70588474312513 ], [ 121.655509688986527, 14.704771766466822 ], [ 121.656503821528062, 14.703420303430105 ], [ 121.65788587241002, 14.702225337698941 ], [ 121.659171400100163, 14.701927745218994 ], [ 121.659986937954599, 14.700673311489133 ], [ 121.660764067160443, 14.6993949612466 ], [ 121.66207270444842, 14.698574999584817 ], [ 121.663421854705561, 14.697892948903121 ], [ 121.664044626878862, 14.696575973646331 ], [ 121.663200696225047, 14.69547137229876 ], [ 121.662062789965177, 14.695250654004534 ], [ 121.660179410620898, 14.694755070938568 ], [ 121.659814036021459, 14.694689329412615 ] ] ], [ [ [ 121.67941278181388, 14.725132927245577 ], [ 121.679989973649796, 14.724110781199933 ], [ 121.678942172559601, 14.724344313007483 ], [ 121.678636117307065, 14.724835846547267 ], [ 121.678127347741025, 14.725136658657329 ], [ 121.678114941984404, 14.725946585818892 ], [ 121.678947638465942, 14.726127407745279 ], [ 121.679586361760599, 14.725755171169475 ], [ 121.67941278181388, 14.725132927245577 ] ] ], [ [ [ 121.607848947236931, 14.725063717023753 ], [ 121.607575341573735, 14.724992893400017 ], [ 121.607576266655059, 14.725330514698987 ], [ 121.607805611544123, 14.725552537496986 ], [ 121.608052141000471, 14.725329279119311 ], [ 121.607848947236931, 14.725063717023753 ] ] ], [ [ [ 121.630567025286695, 14.711026126234568 ], [ 121.628523438714467, 14.709880373428891 ], [ 121.627611468168496, 14.712126149355459 ], [ 121.627693202069324, 14.713019744953405 ], [ 121.627808966117016, 14.713725426865469 ], [ 121.628543161640934, 14.716841865988828 ], [ 121.629255407995601, 14.716407018135019 ], [ 121.631774244652448, 14.716155466042311 ], [ 121.631298354024366, 14.714407604577413 ], [ 121.631792786188242, 14.713008720870857 ], [ 121.630567025286695, 14.711026126234568 ] ] ], [ [ [ 121.701281058821621, 14.706007855683673 ], [ 121.704041810683194, 14.704630854554187 ], [ 121.698342613545094, 14.704647928439323 ], [ 121.698590043016637, 14.705897411225569 ], [ 121.699880029946272, 14.707646875697076 ], [ 121.701281058821621, 14.706007855683673 ] ] ], [ [ [ 121.637364075410417, 14.680820635161357 ], [ 121.636835222514222, 14.680591879617751 ], [ 121.636103857676474, 14.68102303028407 ], [ 121.634067027977579, 14.681703501101829 ], [ 121.6333678674645, 14.683701206282072 ], [ 121.632933988037337, 14.684404357838364 ], [ 121.633147299283877, 14.684887744984898 ], [ 121.632651175068105, 14.68525848368947 ], [ 121.630891609377159, 14.686778736933187 ], [ 121.630322683885097, 14.688497286679144 ], [ 121.629348800172508, 14.689359862633109 ], [ 121.628463996958047, 14.688877124470075 ], [ 121.62769760060867, 14.689251378846899 ], [ 121.625518386828958, 14.689726432396119 ], [ 121.624274804433853, 14.691831278856126 ], [ 121.623247563317634, 14.691602806938688 ], [ 121.620412916435939, 14.692284115438106 ], [ 121.620077628632956, 14.69196549893419 ], [ 121.619989457684895, 14.6925233985568 ], [ 121.620023878251203, 14.692610648561422 ], [ 121.620054372366084, 14.692635024143582 ], [ 121.620079594520774, 14.69267001496358 ], [ 121.621954147787605, 14.694872751193367 ], [ 121.621837078792012, 14.696691758040668 ], [ 121.622301989660201, 14.698629404601414 ], [ 121.622575996701869, 14.699102237642876 ], [ 121.623267639576426, 14.700773858227604 ], [ 121.623040847052124, 14.702003370306008 ], [ 121.624028403104731, 14.704583010302619 ], [ 121.623763925487864, 14.704858444111071 ], [ 121.624192280817283, 14.704973583206476 ], [ 121.624311988268531, 14.70506010807161 ], [ 121.624588044579966, 14.705124769586087 ], [ 121.624991593789588, 14.704855172914593 ], [ 121.627277727953583, 14.703653713253775 ], [ 121.628504996533479, 14.703367588447861 ], [ 121.630181502196066, 14.702389910368018 ], [ 121.630813396090531, 14.700753670611025 ], [ 121.632030856780673, 14.700105438908006 ], [ 121.632188776490253, 14.697147112320957 ], [ 121.632395622989691, 14.696663513904369 ], [ 121.632270314878639, 14.696262621115221 ], [ 121.631727411925468, 14.693501443525918 ], [ 121.631329653922123, 14.692580483454941 ], [ 121.631047554861738, 14.691004344709508 ], [ 121.632662849848927, 14.689359794021199 ], [ 121.633438153659725, 14.689243906879687 ], [ 121.634807234772708, 14.688485191357014 ], [ 121.635744474302314, 14.687401900493319 ], [ 121.63685537728432, 14.687626746283351 ], [ 121.63837541080207, 14.686994101815003 ], [ 121.639280167589504, 14.686749941010355 ], [ 121.641046696665654, 14.685498624759479 ], [ 121.642341967669324, 14.687208627422713 ], [ 121.642036834615439, 14.688465509903496 ], [ 121.642358205260663, 14.689729388887811 ], [ 121.642303006826097, 14.691344185988706 ], [ 121.642967793057892, 14.692548856197135 ], [ 121.642656756665644, 14.694092802718268 ], [ 121.642233864770958, 14.69550929790328 ], [ 121.64196708611864, 14.696637494946822 ], [ 121.642996720492818, 14.698496264155406 ], [ 121.643073886795236, 14.698784455396058 ], [ 121.64348873622184, 14.698972485307921 ], [ 121.645286718974774, 14.700168455961983 ], [ 121.646690878565408, 14.699341293381886 ], [ 121.647927692660517, 14.699194484178122 ], [ 121.647776432935302, 14.698278621986757 ], [ 121.648442229648751, 14.696619669047232 ], [ 121.648257115185714, 14.695439014009574 ], [ 121.648012479275593, 14.693950020449488 ], [ 121.647794423745836, 14.692535568337922 ], [ 121.648742776703116, 14.691834763329643 ], [ 121.649458708293835, 14.691380849534099 ], [ 121.651186298189415, 14.690125507298752 ], [ 121.651900104038006, 14.688438295518855 ], [ 121.651732833802129, 14.686580233880692 ], [ 121.650517073415472, 14.68540350849389 ], [ 121.649439010885644, 14.684642311214139 ], [ 121.649227530074384, 14.684565461465356 ], [ 121.645469401001392, 14.684592075205773 ], [ 121.645241334319167, 14.68454538115302 ], [ 121.644844832633268, 14.684758487888374 ], [ 121.644065428281081, 14.684374058267105 ], [ 121.642162744205464, 14.683286648291281 ], [ 121.641038077825627, 14.682510164731902 ], [ 121.639945950671034, 14.681359324465996 ], [ 121.637364075410417, 14.680820635161357 ] ] ], [ [ [ 121.527963026498782, 14.700802079598077 ], [ 121.527744700144339, 14.697813585798276 ], [ 121.527567270565356, 14.700828934836515 ], [ 121.527582562112613, 14.701008555681037 ], [ 121.527601370161534, 14.701155740668769 ], [ 121.527756113492558, 14.702625685948126 ], [ 121.527939591015198, 14.701189658949744 ], [ 121.527981555512838, 14.701007658987434 ], [ 121.527963026498782, 14.700802079598077 ] ] ], [ [ [ 121.573961984535373, 14.696769807475615 ], [ 121.573916761785114, 14.696757129547237 ], [ 121.573879414680817, 14.696777592157536 ], [ 121.573916908337466, 14.696813904852284 ], [ 121.57379135799512, 14.696936719694891 ], [ 121.572813661172148, 14.699821110445626 ], [ 121.573038891109874, 14.700901982122764 ], [ 121.573479918179174, 14.701337621455394 ], [ 121.573928761982913, 14.701405265552987 ], [ 121.574310574183642, 14.701270860508993 ], [ 121.573927456830376, 14.700899810078372 ], [ 121.575814525652447, 14.6990537286355 ], [ 121.574635228850553, 14.697509587349559 ], [ 121.574082059365793, 14.69681350088651 ], [ 121.573961984535373, 14.696769807475615 ] ] ], [ [ [ 121.527792972278107, 14.692836154924155 ], [ 121.527795696020505, 14.692774871864763 ], [ 121.527732899407269, 14.692836289857143 ], [ 121.527704077932597, 14.692808364222051 ], [ 121.527695806498286, 14.692836373165811 ], [ 121.52769128816459, 14.692876981546704 ], [ 121.527737145202678, 14.694627293112646 ], [ 121.527785116849444, 14.692886893246866 ], [ 121.527792972278107, 14.692836154924155 ] ] ], [ [ [ 121.562000281195395, 14.692086763996686 ], [ 121.561309728633844, 14.691209132129442 ], [ 121.559982968307921, 14.6914694992464 ], [ 121.561987452697096, 14.69341111114451 ], [ 121.562446761070831, 14.692755725034868 ], [ 121.562000281195395, 14.692086763996686 ] ] ], [ [ [ 121.663494799845466, 14.689815478048786 ], [ 121.66204239603664, 14.688409874175699 ], [ 121.660475715022926, 14.688414293365859 ], [ 121.660815596947913, 14.689611003669786 ], [ 121.662047285532992, 14.690050294489733 ], [ 121.663494799845466, 14.689815478048786 ] ] ], [ [ [ 121.550634494744216, 14.6846118154007 ], [ 121.54907040981135, 14.684254746863809 ], [ 121.548700738251142, 14.684616339141417 ], [ 121.547619944122872, 14.684618860484466 ], [ 121.547639870737228, 14.685653976323543 ], [ 121.548704148456835, 14.686000066061357 ], [ 121.549932583265189, 14.685809703233206 ], [ 121.550634494744216, 14.6846118154007 ] ] ], [ [ [ 121.613621664177302, 14.682283319153697 ], [ 121.611650638446307, 14.680374883614306 ], [ 121.611300634458232, 14.680375795344281 ], [ 121.611402423575015, 14.680617806315807 ], [ 121.611660912175566, 14.684110645206191 ], [ 121.613621664177302, 14.682283319153697 ] ] ], [ [ [ 121.625077443630659, 14.677075274248791 ], [ 121.625435362210609, 14.676252642673115 ], [ 121.624231072908017, 14.676255848192101 ], [ 121.624235843284524, 14.677955768612344 ], [ 121.625077443630659, 14.677075274248791 ] ] ], [ [ [ 121.64113617905997, 14.672248680935828 ], [ 121.639306720460993, 14.670477661029349 ], [ 121.640151546066434, 14.672127071905727 ], [ 121.640724752388209, 14.672402153687727 ], [ 121.641008738947107, 14.672332203410461 ], [ 121.64113617905997, 14.672248680935828 ] ] ], [ [ [ 121.63869824184583, 14.669888609317848 ], [ 121.636799317944465, 14.668050280842753 ], [ 121.636171113322689, 14.668665259098985 ], [ 121.636803521685465, 14.669519285324251 ], [ 121.63869824184583, 14.669888609317848 ] ] ] ] } },
{ "type": "Feature", "properties": { "FID": 0, "Count": 602, "Length": 82956.865481300003, "Area": 14781019.7776, "RangeMin": "0", "RangeMax": "Max", "Name": "{0, Max}", "layer": "Hour_3", "path": "C:/Users/Justine/OneDrive/Documents/PLAN/NOV21-0200.shp" }, "geometry": { "type": "MultiPolygon", "coordinates": [ [ [ [ 121.612308144062681, 14.806735952760244 ], [ 121.611997675105073, 14.805979229325269 ], [ 121.611338445212922, 14.806396034834776 ], [ 121.612000611130796, 14.807036767334312 ], [ 121.612002007428401, 14.807539675133054 ], [ 121.612645753742854, 14.807661039716612 ], [ 121.614520630505609, 14.807030131304437 ], [ 121.612308144062681, 14.806735952760244 ] ] ], [ [ [ 121.616212617662782, 14.798819663541968 ], [ 121.616177385272863, 14.798810312331902 ], [ 121.616139755960234, 14.798817479320906 ], [ 121.616056729380674, 14.798854328639463 ], [ 121.616131159886464, 14.798899347404557 ], [ 121.616177596921403, 14.798886065718031 ], [ 121.616198120204302, 14.798873955157374 ], [ 121.616177507358202, 14.79885400925655 ], [ 121.616212617662782, 14.798819663541968 ] ] ], [ [ [ 121.650212430588496, 14.765552825083804 ], [ 121.649674445091321, 14.764959021410576 ], [ 121.648589228021407, 14.765022972174405 ], [ 121.646350194879034, 14.766085363116161 ], [ 121.645701986368138, 14.766303709369881 ], [ 121.645479318288537, 14.766261757969133 ], [ 121.645326544278362, 14.766236784650724 ], [ 121.641291755349101, 14.770185181382208 ], [ 121.639186337694127, 14.768148027216222 ], [ 121.636596623512858, 14.765642186664046 ], [ 121.63602380828479, 14.766113735285337 ], [ 121.633725968797179, 14.766938909228204 ], [ 121.6328839012412, 14.766773002763795 ], [ 121.631379089509835, 14.768742460679348 ], [ 121.630802468099972, 14.770213774999824 ], [ 121.630656266598848, 14.772117571559489 ], [ 121.630001165685897, 14.773038420471858 ], [ 121.629632529216323, 14.774302812709328 ], [ 121.632155871883029, 14.77502739069612 ], [ 121.632908063811328, 14.775207216435481 ], [ 121.633458374137533, 14.774828968657495 ], [ 121.634178465658934, 14.774290498961005 ], [ 121.635323548191039, 14.772559251409517 ], [ 121.637095221916312, 14.771053920585336 ], [ 121.63815692483108, 14.771226377120005 ], [ 121.64000658746464, 14.771442787687405 ], [ 121.641296088252219, 14.77167762429376 ], [ 121.642540939787025, 14.771393850224557 ], [ 121.644105283578781, 14.771529403249421 ], [ 121.645494165177837, 14.771342894837591 ], [ 121.646366642409191, 14.77102106064172 ], [ 121.645490748038313, 14.77017360146615 ], [ 121.647584263197189, 14.768124870709199 ], [ 121.649677729848861, 14.766076122234312 ], [ 121.649982755156444, 14.76637123826405 ], [ 121.649981884439143, 14.76607527517708 ], [ 121.650212430588496, 14.765552825083804 ] ] ], [ [ [ 121.59514316811503, 14.774364407993952 ], [ 121.595113353126635, 14.774330014053701 ], [ 121.595068944785965, 14.774350245278818 ], [ 121.595113523790644, 14.7743933953102 ], [ 121.59509053092502, 14.774415885604741 ], [ 121.595113801824155, 14.774496650814301 ], [ 121.595140604590071, 14.774419608025728 ], [ 121.595150202815049, 14.774393301798469 ], [ 121.59514316811503, 14.774364407993952 ] ] ], [ [ [ 121.582664807608552, 14.770183374393904 ], [ 121.582504868613952, 14.770141747751628 ], [ 121.582311600524477, 14.770151692240887 ], [ 121.581570502292067, 14.770341614706567 ], [ 121.582400675414519, 14.770441699857161 ], [ 121.582505803238021, 14.770496549960281 ], [ 121.582657553789318, 14.770486591390245 ], [ 121.583452015539734, 14.77033692190648 ], [ 121.582664807608552, 14.770183374393904 ] ] ], [ [ [ 121.644186259563241, 14.762005476104576 ], [ 121.642161358582641, 14.76113929881512 ], [ 121.641265695914839, 14.761205585092753 ], [ 121.641268039845926, 14.762013511445685 ], [ 121.643373405315501, 14.764050649324275 ], [ 121.644898056200347, 14.765525863704426 ], [ 121.643947922108424, 14.763488421541274 ], [ 121.644186259563241, 14.762005476104576 ] ] ], [ [ [ 121.603807912314565, 14.761791786047089 ], [ 121.603473726374574, 14.760438371293265 ], [ 121.602735291047637, 14.761395051960085 ], [ 121.601966251387438, 14.762118138459609 ], [ 121.602492629419245, 14.763078478355201 ], [ 121.603482560470525, 14.763676055684856 ], [ 121.60383239966518, 14.762456981733164 ], [ 121.604127040678989, 14.76211255979733 ], [ 121.603807912314565, 14.761791786047089 ] ] ], [ [ [ 121.660402003521668, 14.757874293864736 ], [ 121.659363061421587, 14.756596947199535 ], [ 121.658048222994552, 14.756876351164516 ], [ 121.657231877258724, 14.757088234331587 ], [ 121.654143496555818, 14.757891916223544 ], [ 121.65463980098454, 14.758654496889601 ], [ 121.653852966240663, 14.758064527179055 ], [ 121.652055464134733, 14.760228256411846 ], [ 121.651709480744387, 14.761984590866499 ], [ 121.652838517331233, 14.762982736405821 ], [ 121.653866716149579, 14.762712162202748 ], [ 121.654516379954003, 14.76260920055037 ], [ 121.655729429199141, 14.761973330659179 ], [ 121.656074667699301, 14.760042729313611 ], [ 121.658055108018772, 14.759188987697948 ], [ 121.658770631713509, 14.758576954432369 ], [ 121.660402003521668, 14.757874293864736 ] ] ], [ [ [ 121.632861094838759, 14.758807203252148 ], [ 121.632846951322477, 14.753864739858081 ], [ 121.631987732677416, 14.753867066200002 ], [ 121.632005532768744, 14.754688111502297 ], [ 121.632293123430756, 14.757403325266809 ], [ 121.632306831247021, 14.757952075414186 ], [ 121.632504610518865, 14.75829701492149 ], [ 121.632861094838759, 14.758807203252148 ] ] ], [ [ [ 121.666722880122535, 14.737099343804088 ], [ 121.66638557575952, 14.736905580378574 ], [ 121.666007495101326, 14.737060668975865 ], [ 121.666008083601952, 14.737429078615511 ], [ 121.66429240280408, 14.739475236009282 ], [ 121.66219229474018, 14.738607543472448 ], [ 121.660487735927973, 14.739868088382757 ], [ 121.659175067862336, 14.741534319815052 ], [ 121.659344920406582, 14.742836403869319 ], [ 121.658010989646726, 14.744362840389085 ], [ 121.657383037086007, 14.745012247755632 ], [ 121.656127093969843, 14.745628758706143 ], [ 121.656937253312847, 14.746678105262024 ], [ 121.658018596839398, 14.74692046146628 ], [ 121.659894683943151, 14.747442353946255 ], [ 121.660493311458922, 14.747295128383687 ], [ 121.661181022263989, 14.748686898736613 ], [ 121.662006992894646, 14.749698033155509 ], [ 121.662027371605234, 14.749891327090234 ], [ 121.661637497316974, 14.7532025381123 ], [ 121.661679221515953, 14.753784824629902 ], [ 121.661313895123214, 14.754687492627697 ], [ 121.662242308193839, 14.755313249097616 ], [ 121.662448786255894, 14.753987435629806 ], [ 121.662780988179421, 14.753781699498427 ], [ 121.663320514212856, 14.752723376086886 ], [ 121.662687262555281, 14.75014417280198 ], [ 121.665063311419317, 14.751017459466157 ], [ 121.666426593195439, 14.750522583945143 ], [ 121.666878634095013, 14.750125227289368 ], [ 121.667738738441088, 14.74968171384141 ], [ 121.666878668550652, 14.749240486187263 ], [ 121.666422590249468, 14.749194304362378 ], [ 121.665533790940785, 14.7488241533138 ], [ 121.662434253805841, 14.749493067526608 ], [ 121.662932234573191, 14.74630719865274 ], [ 121.66258350332987, 14.74561053484595 ], [ 121.663089644568331, 14.744753729058825 ], [ 121.664059835177639, 14.743324188391538 ], [ 121.664763699959678, 14.741518486211136 ], [ 121.664295178287489, 14.739477921343003 ], [ 121.666387869117074, 14.737667304219302 ], [ 121.666556574151727, 14.737591918933536 ], [ 121.666816797066033, 14.737426772440212 ], [ 121.666722880122535, 14.737099343804088 ] ] ], [ [ [ 121.632797335291841, 14.745667638760391 ], [ 121.62870578462099, 14.745625359021469 ], [ 121.628624859637696, 14.745639033859591 ], [ 121.628569691300157, 14.745650804742784 ], [ 121.62848632669936, 14.745704740080189 ], [ 121.632823578584123, 14.745693035962454 ], [ 121.632860335966441, 14.74572860826231 ], [ 121.632857485042848, 14.745692944145125 ], [ 121.632857251774965, 14.745660083666632 ], [ 121.632823486226926, 14.74566073544012 ], [ 121.632797335291841, 14.745667638760391 ] ] ], [ [ [ 121.607699245092803, 14.73750069305026 ], [ 121.607608678862803, 14.737154312402003 ], [ 121.60717527923498, 14.737167439876441 ], [ 121.606952033915121, 14.737589847364509 ], [ 121.607234097844298, 14.737955795055287 ], [ 121.606811261687668, 14.740890104070045 ], [ 121.607009384557983, 14.74167560314609 ], [ 121.607143731568414, 14.742141041977385 ], [ 121.607629357192025, 14.744692086043415 ], [ 121.609142419301008, 14.743146643907354 ], [ 121.609122208242525, 14.741670109425078 ], [ 121.608177525184828, 14.741129589213614 ], [ 121.607846443238842, 14.737817147090645 ], [ 121.607743957833449, 14.737587791201621 ], [ 121.607699245092803, 14.73750069305026 ] ] ], [ [ [ 121.637600380567051, 14.741594178208697 ], [ 121.637322832835224, 14.741289984891248 ], [ 121.637009941740359, 14.741450976919063 ], [ 121.636963748278475, 14.741550680248475 ], [ 121.636924697779619, 14.741596020379557 ], [ 121.636924585699106, 14.741679718879627 ], [ 121.637010603371763, 14.741680903390646 ], [ 121.637118386064856, 14.741700329897945 ], [ 121.637600380567051, 14.741594178208697 ] ] ], [ [ [ 121.675482812224416, 14.70803348441224 ], [ 121.674691594279707, 14.707112197414123 ], [ 121.673795276915811, 14.707930889821528 ], [ 121.671351266211644, 14.707980704845907 ], [ 121.670497260404574, 14.708260618098848 ], [ 121.66979195542082, 14.708131102696093 ], [ 121.669171106768133, 14.708818991715816 ], [ 121.667786743210812, 14.710264717096225 ], [ 121.668009958113203, 14.711252043299879 ], [ 121.667610975035046, 14.712909318434725 ], [ 121.667362869391667, 14.713928500203238 ], [ 121.666319227035672, 14.714849105738292 ], [ 121.664811188319192, 14.715533389799777 ], [ 121.663920034972278, 14.717005690985875 ], [ 121.663468339273066, 14.718307991726657 ], [ 121.662134540752035, 14.719289810011437 ], [ 121.660916261688143, 14.719912534760642 ], [ 121.659707801356916, 14.721103470170418 ], [ 121.659233934511533, 14.72235869449001 ], [ 121.657946628444762, 14.722703925038607 ], [ 121.656037349271188, 14.723339602626137 ], [ 121.654860063158992, 14.725202966470693 ], [ 121.654680300010696, 14.726100577934954 ], [ 121.653851055335394, 14.7292105615062 ], [ 121.65383291742377, 14.729291716439606 ], [ 121.653929575809002, 14.7294482862268 ], [ 121.653770484711657, 14.730150182215489 ], [ 121.652825078234713, 14.732453692520728 ], [ 121.65146845413318, 14.73154270839489 ], [ 121.649576946968395, 14.731757898053651 ], [ 121.647850122858173, 14.731713785606473 ], [ 121.646561779319583, 14.732247755751262 ], [ 121.645379820839608, 14.732159333348914 ], [ 121.644667826482063, 14.732708557160512 ], [ 121.644225867306986, 14.733404250198562 ], [ 121.642694442453859, 14.73487321385279 ], [ 121.64119227990787, 14.735874720946637 ], [ 121.640381489673331, 14.736709288522006 ], [ 121.640107745445135, 14.737501442824268 ], [ 121.639886827210333, 14.738780683882693 ], [ 121.641204190747729, 14.739987665200289 ], [ 121.642414075912654, 14.740404722652491 ], [ 121.644082960752314, 14.740291252664404 ], [ 121.645404213674183, 14.740528101018501 ], [ 121.64698300752633, 14.739023253178781 ], [ 121.648379070202296, 14.737478648236561 ], [ 121.648573219806352, 14.736487777486291 ], [ 121.649589957921137, 14.736193389490568 ], [ 121.651242747945489, 14.73499674694243 ], [ 121.653249294250273, 14.733897218106867 ], [ 121.653780623270023, 14.733584592476088 ], [ 121.653921263171384, 14.73351441014017 ], [ 121.654496081856436, 14.733375727098609 ], [ 121.656708247920065, 14.732137045969862 ], [ 121.657975587842103, 14.732453805305836 ], [ 121.659851284534952, 14.731104191463082 ], [ 121.660041790490652, 14.729274273972491 ], [ 121.660511930178998, 14.727669382003135 ], [ 121.662154985302294, 14.726131421153772 ], [ 121.662767273198028, 14.725777633111635 ], [ 121.66363991013732, 14.725178220027109 ], [ 121.665101300223256, 14.723962035194939 ], [ 121.666346005258589, 14.723755524338081 ], [ 121.667926599732695, 14.722621804095331 ], [ 121.66909048538605, 14.721076822774579 ], [ 121.669734369137245, 14.720297044632346 ], [ 121.670533183639236, 14.720137735819552 ], [ 121.672029620538481, 14.718443985254261 ], [ 121.672473238264075, 14.716981265377051 ], [ 121.673208637360005, 14.715510918114449 ], [ 121.674713550305597, 14.714327710230187 ], [ 121.67646521328912, 14.714588025834129 ], [ 121.677524283549218, 14.714230712409526 ], [ 121.678913677204079, 14.715044593487372 ], [ 121.680316053192854, 14.714240063770164 ], [ 121.679992178397725, 14.712873670691794 ], [ 121.679690397532937, 14.712109807742989 ], [ 121.67890353350009, 14.711732510014995 ], [ 121.67709957904529, 14.710548496956601 ], [ 121.675588652339073, 14.708800558506688 ], [ 121.675482812224416, 14.70803348441224 ] ] ], [ [ [ 121.604462750503302, 14.730466521221071 ], [ 121.602834668897046, 14.728890394788497 ], [ 121.602734299456444, 14.729428942652513 ], [ 121.602864992430455, 14.729940152658232 ], [ 121.603395049812761, 14.731568214323211 ], [ 121.604462750503302, 14.730466521221071 ] ] ], [ [ [ 121.688241503715105, 14.728326076760034 ], [ 121.687341141301573, 14.725218866153167 ], [ 121.685491732053151, 14.727394540467202 ], [ 121.684294217544419, 14.728092763248855 ], [ 121.683154215827898, 14.728854852760923 ], [ 121.682654874857548, 14.728723756414967 ], [ 121.682355390731558, 14.729210214331383 ], [ 121.6825393726089, 14.7298109334857 ], [ 121.683157779478847, 14.730009807752188 ], [ 121.683722724006145, 14.729756801058743 ], [ 121.685883392280417, 14.730634975307158 ], [ 121.687357436749366, 14.730468175386758 ], [ 121.687870981134211, 14.729696179180953 ], [ 121.687951361502357, 14.729193811684146 ], [ 121.688241503715105, 14.728326076760034 ] ] ], [ [ [ 121.537247734304259, 14.728582604888539 ], [ 121.536210336695049, 14.726914955773191 ], [ 121.535391024650949, 14.728790765509965 ], [ 121.536216799057698, 14.729590680451466 ], [ 121.537585336846021, 14.730916327070638 ], [ 121.538356249380456, 14.729585775819666 ], [ 121.537247734304259, 14.728582604888539 ] ] ], [ [ [ 121.659857445986376, 14.694646829379739 ], [ 121.657861476568854, 14.693993393188441 ], [ 121.656401353645151, 14.695172832610734 ], [ 121.655109169274738, 14.696601126298038 ], [ 121.654523322791576, 14.697429442963198 ], [ 121.653674186319904, 14.697484403746316 ], [ 121.652022427101983, 14.698219623664839 ], [ 121.651102490855337, 14.698192908528549 ], [ 121.650967039718282, 14.699252794493287 ], [ 121.650121974854926, 14.700700895370987 ], [ 121.650374117523199, 14.701562230997279 ], [ 121.650617558756096, 14.703692485445865 ], [ 121.651138873347179, 14.704783958417183 ], [ 121.650730511755725, 14.705981415256883 ], [ 121.649501473510782, 14.705999015995488 ], [ 121.647689306234298, 14.70655896813107 ], [ 121.647134679526758, 14.706575612296483 ], [ 121.645309324016679, 14.707942994392623 ], [ 121.644754526532111, 14.708346357485663 ], [ 121.644609214686056, 14.708887899972554 ], [ 121.643214732411849, 14.710930463103031 ], [ 121.641121932494073, 14.711556632892217 ], [ 121.639296291198946, 14.71121240646646 ], [ 121.638474073923248, 14.711481696404249 ], [ 121.636919658953062, 14.710038527859309 ], [ 121.636057072533106, 14.71215171542304 ], [ 121.635658288512943, 14.7129982598252 ], [ 121.63588580277613, 14.714015010227431 ], [ 121.636932563264978, 14.714532991245843 ], [ 121.63822007518516, 14.7158276729179 ], [ 121.638609165919164, 14.717076122218758 ], [ 121.638578488243226, 14.718666600886547 ], [ 121.638211760007778, 14.719933171246543 ], [ 121.63816911276848, 14.721163203757413 ], [ 121.639262678796655, 14.723001970435799 ], [ 121.639177647424773, 14.723320944903346 ], [ 121.639531007860853, 14.725245374261275 ], [ 121.640251438849674, 14.72613163034975 ], [ 121.641165653822412, 14.726675772599897 ], [ 121.642614423135598, 14.726647025059499 ], [ 121.644830811607363, 14.725746979561773 ], [ 121.645361076609532, 14.72572487522722 ], [ 121.645549120914609, 14.72541274537369 ], [ 121.645592052986757, 14.725228727680646 ], [ 121.6456592580696, 14.724936100152462 ], [ 121.645357534824754, 14.724508708078051 ], [ 121.643801441019463, 14.72265702936598 ], [ 121.643000889763471, 14.721149977960396 ], [ 121.642582001982902, 14.719753138890656 ], [ 121.642731370122007, 14.718611428113373 ], [ 121.642493157487536, 14.717065494031289 ], [ 121.643306895488237, 14.715094040240544 ], [ 121.645326141536316, 14.713724040903834 ], [ 121.645692634893834, 14.713328633600343 ], [ 121.646199240016685, 14.712969405666295 ], [ 121.647807799189906, 14.711301370675328 ], [ 121.649516977185456, 14.71129451167098 ], [ 121.651005361280937, 14.710321662224402 ], [ 121.65353366774923, 14.708863163476297 ], [ 121.653440850398013, 14.708604428989458 ], [ 121.653706957304223, 14.708609931301034 ], [ 121.654814876258655, 14.705859970021763 ], [ 121.655477924582101, 14.704771855367634 ], [ 121.656496837677523, 14.703413544726414 ], [ 121.65788586994519, 14.702224506237167 ], [ 121.659152366701207, 14.701909325718525 ], [ 121.659983827499332, 14.700673320252561 ], [ 121.66077054813988, 14.699401224168748 ], [ 121.66207275895573, 14.698593273658972 ], [ 121.663440273503511, 14.697910773311406 ], [ 121.664089815806861, 14.696575845568177 ], [ 121.663248614161702, 14.695424457534482 ], [ 121.66206264594318, 14.695202356932036 ], [ 121.660116315490839, 14.694694009189279 ], [ 121.659857445986376, 14.694646829379739 ] ] ], [ [ [ 121.67930519492954, 14.725133239826883 ], [ 121.67985074025367, 14.724247103272251 ], [ 121.678942713692706, 14.72452085293706 ], [ 121.678707077754709, 14.724904489430207 ], [ 121.678313400853199, 14.725136119016209 ], [ 121.678298728434143, 14.725766646300082 ], [ 121.678946968160048, 14.725908752760571 ], [ 121.679442567675466, 14.725616047734801 ], [ 121.67930519492954, 14.725133239826883 ] ] ], [ [ [ 121.607875851287503, 14.725037392465023 ], [ 121.607575246707, 14.724958269976909 ], [ 121.607576266655059, 14.725330514698987 ], [ 121.607829009739504, 14.725575188639654 ], [ 121.608097308480808, 14.725329161793802 ], [ 121.607875851287503, 14.725037392465023 ] ] ], [ [ [ 121.692503116469354, 14.705662816403494 ], [ 121.691476366576765, 14.705059877648161 ], [ 121.690934163604567, 14.705198082725676 ], [ 121.687917647641555, 14.705300063802142 ], [ 121.687280309690507, 14.705604380934416 ], [ 121.685422317173419, 14.706959439751358 ], [ 121.684721619824828, 14.708774019423025 ], [ 121.68481680903416, 14.710447225234205 ], [ 121.684889049768799, 14.711117616714619 ], [ 121.684978835430428, 14.712859126345018 ], [ 121.684731249798133, 14.714438050810164 ], [ 121.683114818450292, 14.716079648374944 ], [ 121.681830643394093, 14.715705421778765 ], [ 121.681154798802382, 14.716956150325494 ], [ 121.680608742762615, 14.718596917113526 ], [ 121.680716041330697, 14.719301776854094 ], [ 121.680443246081609, 14.72104407210988 ], [ 121.681278321062649, 14.722849360970676 ], [ 121.683136223669607, 14.723022163358801 ], [ 121.685077515112681, 14.723227630562484 ], [ 121.686984860509071, 14.724765428527448 ], [ 121.687340293985059, 14.724945859675985 ], [ 121.689156128028003, 14.722792358657424 ], [ 121.689437223232801, 14.721017731101062 ], [ 121.689690434313533, 14.719235729299166 ], [ 121.689610273679676, 14.718789298447859 ], [ 121.68975820453737, 14.716930940454949 ], [ 121.690853707454039, 14.716287580556614 ], [ 121.691511502416589, 14.716323658235794 ], [ 121.693543111744802, 14.714815841533076 ], [ 121.691500632211259, 14.712839942599699 ], [ 121.69354312103026, 14.714815841505544 ], [ 121.694286444758632, 14.712831692242309 ], [ 121.694405424417724, 14.711576598933613 ], [ 121.694881226929752, 14.709529472126462 ], [ 121.69497715130845, 14.708743789453226 ], [ 121.694324805652656, 14.70742518216392 ], [ 121.694230129659203, 14.70606873243422 ], [ 121.692503116469354, 14.705662816403494 ] ] ], [ [ [ 121.630507679519567, 14.711084199835884 ], [ 121.628523739904651, 14.709986710705401 ], [ 121.627649559677337, 14.712163020682823 ], [ 121.62772885847383, 14.713019649383345 ], [ 121.627839385158964, 14.713695665372603 ], [ 121.628542798594836, 14.716713757030389 ], [ 121.629597278232765, 14.716072434895949 ], [ 121.631493543806954, 14.71588377178144 ], [ 121.631142630960042, 14.714560011956866 ], [ 121.631696374692936, 14.713008980961121 ], [ 121.630507679519567, 14.711084199835884 ] ] ], [ [ [ 121.70123298166115, 14.705961347498706 ], [ 121.703879527051527, 14.704631342667639 ], [ 121.698354182698566, 14.704647893921877 ], [ 121.698612240373592, 14.705875672722929 ], [ 121.699879583962044, 14.707505600793521 ], [ 121.70123298166115, 14.705961347498706 ] ] ], [ [ [ 121.637256693315734, 14.680716685406725 ], [ 121.636835050140803, 14.680531697689817 ], [ 121.636230825913429, 14.680898742276984 ], [ 121.634051117253748, 14.681688098573593 ], [ 121.633383403292612, 14.683686008022276 ], [ 121.632950059167072, 14.684404314477776 ], [ 121.633181625502615, 14.684920974538564 ], [ 121.632651494570169, 14.685370740789788 ], [ 121.63091309699935, 14.686799538282257 ], [ 121.630240636924313, 14.6884975071616 ], [ 121.629168444765185, 14.689185258045127 ], [ 121.62846379492855, 14.68880568152443 ], [ 121.627838531626324, 14.689113437891313 ], [ 121.625442054308181, 14.689652526300595 ], [ 121.624274249579898, 14.691633778089608 ], [ 121.623066661381486, 14.691427674792257 ], [ 121.620312859032907, 14.692382042236726 ], [ 121.620078265549566, 14.692193755155287 ], [ 121.620021911949038, 14.692554818422076 ], [ 121.62004385886776, 14.692610595736731 ], [ 121.620063316999889, 14.692626270009885 ], [ 121.620079535380938, 14.692648821551655 ], [ 121.621841024876289, 14.694983474626628 ], [ 121.621661725257013, 14.69669222305515 ], [ 121.62216283530411, 14.698702265838206 ], [ 121.622164901174898, 14.698763572527541 ], [ 121.623044520727319, 14.700774451414029 ], [ 121.622870033144991, 14.702170552873184 ], [ 121.624109554134861, 14.704661576282362 ], [ 121.623972795696943, 14.704857888022625 ], [ 121.62423674623237, 14.704930056426807 ], [ 121.624311775205697, 14.704984345154365 ], [ 121.624486726443365, 14.705026690801899 ], [ 121.624756585836209, 14.704855799610547 ], [ 121.627492059629489, 14.703861197444787 ], [ 121.628506094603978, 14.703755458531376 ], [ 121.630471168403702, 14.702670304531036 ], [ 121.631279307979426, 14.700752416081787 ], [ 121.632122995435054, 14.700194627938115 ], [ 121.63244869813623, 14.696892703547649 ], [ 121.632547290559458, 14.696663104692162 ], [ 121.632484094251126, 14.696469569176852 ], [ 121.631857593250217, 14.693374021962761 ], [ 121.631488347187457, 14.692580056122923 ], [ 121.631174090581382, 14.691126836275089 ], [ 121.632662906739512, 14.689379776338408 ], [ 121.633420231392506, 14.689226557615564 ], [ 121.634716776155372, 14.688485436190016 ], [ 121.635736365075573, 14.687394059632389 ], [ 121.636855403883402, 14.687636027977661 ], [ 121.63834376546825, 14.687025087999944 ], [ 121.639302531172049, 14.686771597751244 ], [ 121.641046876769792, 14.68556106603006 ], [ 121.642297157556087, 14.687252483774248 ], [ 121.641988982515386, 14.688465640913661 ], [ 121.642268646238136, 14.689642700222953 ], [ 121.642207866988784, 14.691437327425332 ], [ 121.642744098477891, 14.692549469600765 ], [ 121.642520120065711, 14.693960539494764 ], [ 121.642067542795061, 14.695672107401174 ], [ 121.641883792142565, 14.696637723075559 ], [ 121.642818022904109, 14.698323302280469 ], [ 121.642957412083817, 14.698898469627107 ], [ 121.643704437215391, 14.699181260904368 ], [ 121.645286741750724, 14.70017629160659 ], [ 121.646544611343316, 14.699484465926663 ], [ 121.648126255827876, 14.69938666443406 ], [ 121.647966231899218, 14.698092823937227 ], [ 121.648607257524986, 14.69661921236805 ], [ 121.648511402286886, 14.695685130751025 ], [ 121.648290274522523, 14.693678084389273 ], [ 121.648174758901163, 14.692534516996602 ], [ 121.648895253491929, 14.6919823431067 ], [ 121.649459484422891, 14.691646294398888 ], [ 121.651325060212059, 14.69025982004942 ], [ 121.652097129121273, 14.688437747624324 ], [ 121.651890699691222, 14.686733020643855 ], [ 121.651542845652443, 14.686396347064008 ], [ 121.650204129505937, 14.685100600238883 ], [ 121.649438926634176, 14.684613481088487 ], [ 121.649237972987279, 14.684555247034568 ], [ 121.645467352657064, 14.684590083503171 ], [ 121.645241347307234, 14.684549854796961 ], [ 121.644844295664939, 14.68475901355346 ], [ 121.644052235316011, 14.684374094494011 ], [ 121.642215654406726, 14.683234852741942 ], [ 121.641037830966823, 14.68242455988738 ], [ 121.639979752162546, 14.681326235447917 ], [ 121.637256693315734, 14.680716685406725 ] ] ], [ [ [ 121.52796124788523, 14.700803827909521 ], [ 121.527745538083735, 14.698166938418249 ], [ 121.527566749395717, 14.700828429885396 ], [ 121.527581420035631, 14.701008558246739 ], [ 121.52760039746741, 14.701156691832576 ], [ 121.527756099771025, 14.702619901729726 ], [ 121.527940782285427, 14.701190822159498 ], [ 121.527983078282034, 14.701007655563862 ], [ 121.52796124788523, 14.700803827909521 ] ] ], [ [ [ 121.574048950866995, 14.696684720467713 ], [ 121.573916477337278, 14.69664693195104 ], [ 121.573806112174296, 14.696706589438499 ], [ 121.573916908337466, 14.696813904852284 ], [ 121.573526484913359, 14.697195849218186 ], [ 121.572612535909229, 14.699626320946743 ], [ 121.572861545638204, 14.700902415225363 ], [ 121.573388587510848, 14.701426966732765 ], [ 121.573929037992755, 14.701512155279604 ], [ 121.574392097763138, 14.701349805182447 ], [ 121.573927456830376, 14.700899810078372 ], [ 121.576036942988608, 14.698836139234723 ], [ 121.57437908422483, 14.696812774056403 ], [ 121.574048950866995, 14.696684720467713 ] ] ], [ [ [ 121.527898967932487, 14.692835916803539 ], [ 121.527904318667183, 14.69266865850118 ], [ 121.527732899407269, 14.692836289857143 ], [ 121.527652307270557, 14.692758211704149 ], [ 121.52762926209752, 14.692836522606068 ], [ 121.527618329480219, 14.692948318828975 ], [ 121.527738552097389, 14.695220709123893 ], [ 121.527873879984071, 14.692972888265993 ], [ 121.527898967932487, 14.692835916803539 ] ] ], [ [ [ 121.562098790881635, 14.691990392547849 ], [ 121.561309280315413, 14.691031430914059 ], [ 121.559842630316965, 14.691333561093384 ], [ 121.562096100799934, 14.693516349880628 ], [ 121.562602002524315, 14.692755353082534 ], [ 121.562098790881635, 14.691990392547849 ] ] ], [ [ [ 121.66356656340146, 14.689884928484878 ], [ 121.66204239603664, 14.688409874175699 ], [ 121.660440870585745, 14.688414391532527 ], [ 121.660780362577256, 14.689645500511846 ], [ 121.662047474379875, 14.690113648274965 ], [ 121.66356656340146, 14.689884928484878 ] ] ], [ [ [ 121.550693850238787, 14.684611676292407 ], [ 121.54908948986332, 14.684236093291927 ], [ 121.548700738251142, 14.684616339141417 ], [ 121.547572964775583, 14.684618969966678 ], [ 121.547595587842991, 14.685697298658704 ], [ 121.548704338908337, 14.686077339446921 ], [ 121.54998807058567, 14.685863457149889 ], [ 121.550693850238787, 14.684611676292407 ] ] ], [ [ [ 121.613421330715553, 14.682089349658028 ], [ 121.611650638446307, 14.680374883614306 ], [ 121.611350137663095, 14.680375666424771 ], [ 121.611436877551526, 14.680584077914741 ], [ 121.611436868292159, 14.680584086976644 ], [ 121.611659885993092, 14.683737549907935 ], [ 121.613421330715553, 14.682089349658028 ] ] ], [ [ [ 121.625013180850885, 14.677013066655132 ], [ 121.625348464220451, 14.676252874183007 ], [ 121.624231072908017, 14.676255848192101 ], [ 121.624235485507626, 14.677828282723382 ], [ 121.625013180850885, 14.677013066655132 ] ] ] ] } },
{ "type": "Feature", "properties": { "FID": 0, "Count": 615, "Length": 83435.181049599996, "Area": 14813891.939300001, "RangeMin": "0", "RangeMax": "Max", "Name": "{0, Max}", "layer": "Hour_4", "path": "C:/Users/Justine/OneDrive/Documents/PLAN/NOV21-0300.shp" }, "geometry": { "type": "MultiPolygon", "coordinates": [ [ [ [ 121.61232350447429, 14.80672092788001 ], [ 121.611996986440857, 14.805731164505245 ], [ 121.611169143554903, 14.806232200986075 ], [ 121.612000611130796, 14.807036767334312 ], [ 121.61232350447429, 14.80672092788001 ] ] ], [ [ [ 121.620377948040968, 14.799154427547487 ], [ 121.620375368191702, 14.798237353181072 ], [ 121.619815048567858, 14.798299044534572 ], [ 121.616225661251804, 14.798806894934156 ], [ 121.616177391433936, 14.798812517512797 ], [ 121.61614166544399, 14.798819336036162 ], [ 121.616062906688484, 14.798854312305853 ], [ 121.616133531454523, 14.79889702748355 ], [ 121.61617759235105, 14.798884429907616 ], [ 121.616204826624042, 14.798880453597443 ], [ 121.620023177127337, 14.799189064497693 ], [ 121.620377948040968, 14.799154427547487 ] ] ], [ [ [ 121.65004396159685, 14.765717698668215 ], [ 121.649675455155233, 14.7653025403638 ], [ 121.648903769547346, 14.765327299814793 ], [ 121.647148290058894, 14.766083151099386 ], [ 121.645850239937985, 14.766447151729801 ], [ 121.645479633772368, 14.766369748260349 ], [ 121.645237107392148, 14.766324308789461 ], [ 121.641291755349101, 14.770185181382208 ], [ 121.639186337694127, 14.768148027216222 ], [ 121.636687973008748, 14.76573057912462 ], [ 121.63621306490775, 14.766113219447748 ], [ 121.633679605136749, 14.766894045490096 ], [ 121.632883796182568, 14.766736319053344 ], [ 121.63130663827495, 14.768672361504244 ], [ 121.630677452417231, 14.770214112917461 ], [ 121.630545767462635, 14.772010647025674 ], [ 121.629455022850152, 14.773572784058718 ], [ 121.629255552418982, 14.774303829821466 ], [ 121.632050754278779, 14.775130244253358 ], [ 121.632908430369085, 14.775335125814971 ], [ 121.633538484366198, 14.774906493271784 ], [ 121.63433323339612, 14.774290078160297 ], [ 121.635412739345199, 14.772645553369395 ], [ 121.637095670339761, 14.771209403660059 ], [ 121.638311631823711, 14.771376078818916 ], [ 121.639948154814732, 14.771499966693757 ], [ 121.641296195887719, 14.771714696545393 ], [ 121.642565613264921, 14.771417723064301 ], [ 121.644102310626081, 14.771532321588399 ], [ 121.645494150756548, 14.771337960309738 ], [ 121.647128581070476, 14.77175823841724 ], [ 121.645490748038313, 14.77017360146615 ], [ 121.647584263197189, 14.768124870709199 ], [ 121.649677729848861, 14.766076122234312 ], [ 121.649883846316399, 14.76627554278563 ], [ 121.64988191131286, 14.766075553642047 ], [ 121.65004396159685, 14.765717698668215 ] ] ], [ [ [ 121.649701766524473, 14.774247775732073 ], [ 121.648237165302476, 14.772830796036548 ], [ 121.648835160940052, 14.774250188310871 ], [ 121.649243025680335, 14.774696706700706 ], [ 121.649701766524473, 14.774247775732073 ] ] ], [ [ [ 121.595143010629712, 14.774364562037102 ], [ 121.595113354173037, 14.774330402673977 ], [ 121.59506921484882, 14.774350506684927 ], [ 121.595113523790644, 14.7743933953102 ], [ 121.595090623563493, 14.774415794991139 ], [ 121.595113800388319, 14.774496117591136 ], [ 121.595140483527331, 14.774419490843712 ], [ 121.59515003562781, 14.774393302224713 ], [ 121.595143010629712, 14.774364562037102 ] ] ], [ [ [ 121.650728024683872, 14.774244914483042 ], [ 121.650645582006362, 14.773324134653715 ], [ 121.649701766524473, 14.774247775732073 ], [ 121.650728024683872, 14.774244914483042 ] ] ], [ [ [ 121.582662167285179, 14.770185947705919 ], [ 121.582504876970162, 14.770144919986002 ], [ 121.582314710648774, 14.770154694062031 ], [ 121.581585502462048, 14.770341577354321 ], [ 121.582402407849443, 14.770440014512864 ], [ 121.582505796643332, 14.770494046516125 ], [ 121.582655076837497, 14.770484193524631 ], [ 121.583433959613984, 14.770336967013742 ], [ 121.582662167285179, 14.770185947705919 ] ] ], [ [ [ 121.644068233149824, 14.762005801806433 ], [ 121.642118691861882, 14.761181052788828 ], [ 121.641265819327074, 14.761248125133347 ], [ 121.641268039845926, 14.762013511445685 ], [ 121.643373405315501, 14.764050649324275 ], [ 121.644501546642573, 14.765142216215045 ], [ 121.643804316340251, 14.763628955954269 ], [ 121.644068233149824, 14.762005801806433 ] ] ], [ [ [ 121.603801233697141, 14.761798310484169 ], [ 121.603473812351794, 14.760469885676057 ], [ 121.602749399096794, 14.761408707735557 ], [ 121.601989693409521, 14.762118078046109 ], [ 121.602511192578746, 14.763060309799618 ], [ 121.603482463398876, 14.763640483394525 ], [ 121.603824987072656, 14.762449815893344 ], [ 121.604114725263713, 14.762112591650162 ], [ 121.603801233697141, 14.761798310484169 ] ] ], [ [ [ 121.660325113447698, 14.757874511395871 ], [ 121.659318167195849, 14.756640879536979 ], [ 121.658048326466385, 14.756911109717906 ], [ 121.657264160299235, 14.757119467976286 ], [ 121.654363282276535, 14.757891300234409 ], [ 121.655250728533773, 14.759245572169284 ], [ 121.65385338821946, 14.758207185569331 ], [ 121.652146044161015, 14.760315885635263 ], [ 121.651841317558478, 14.761984222689957 ], [ 121.652906223726959, 14.762916481661959 ], [ 121.653866589899849, 14.762669495747573 ], [ 121.654482475776504, 14.762576407583113 ], [ 121.655651358094161, 14.761973550008747 ], [ 121.656021678711184, 14.75999146299694 ], [ 121.658054965188995, 14.759141016204152 ], [ 121.658744775130543, 14.758551938866292 ], [ 121.660325113447698, 14.757874511395871 ] ] ], [ [ [ 121.632860770464902, 14.75869387138528 ], [ 121.632846951322477, 14.753864739858081 ], [ 121.632082574018327, 14.753866809573051 ], [ 121.632094062982944, 14.754601480528031 ], [ 121.632375983341291, 14.757483518364717 ], [ 121.632384344031649, 14.757951865518283 ], [ 121.632553622815621, 14.758249063689874 ], [ 121.632860770464902, 14.75869387138528 ] ] ], [ [ [ 121.664278560626101, 14.739492112529399 ], [ 121.662192386566375, 14.738638235134847 ], [ 121.660504137126381, 14.739883957361954 ], [ 121.659198005941434, 14.741534255103257 ], [ 121.659372367729574, 14.742862951385005 ], [ 121.658011163252823, 14.744421214216191 ], [ 121.657413436955309, 14.745041670206335 ], [ 121.656216684220453, 14.745628507061816 ], [ 121.65621669350729, 14.745628507035734 ], [ 121.656986646439066, 14.746629759411206 ], [ 121.658018422555074, 14.746861870749552 ], [ 121.659807440838478, 14.747357944599063 ], [ 121.660642127651315, 14.747149463204773 ], [ 121.661582157829059, 14.749074996775155 ], [ 121.662089879480646, 14.749697798174878 ], [ 121.662102136574163, 14.74981815409584 ], [ 121.661684236015759, 14.753247756628188 ], [ 121.661721320332134, 14.753784705314239 ], [ 121.661382466817528, 14.754620374521885 ], [ 121.662241976702717, 14.755202592980448 ], [ 121.662432523535571, 14.753971702025773 ], [ 121.662740291737734, 14.75378181502618 ], [ 121.663236701695212, 14.752805414008781 ], [ 121.662516358063101, 14.749978834759403 ], [ 121.665123491367908, 14.750958552335156 ], [ 121.666426488767755, 14.750487933882653 ], [ 121.666831867149028, 14.750079991832978 ], [ 121.666424070393276, 14.74968546949542 ], [ 121.6668318671218, 14.7500799827954 ], [ 121.667683573654884, 14.74968187158265 ], [ 121.666858417518313, 14.749260309365873 ], [ 121.666422657028647, 14.749216464498737 ], [ 121.665577316046665, 14.748866262231635 ], [ 121.662354562798456, 14.7495710716662 ], [ 121.66286616141771, 14.746243272999454 ], [ 121.662548027608167, 14.745610635472151 ], [ 121.663009927675589, 14.74483176056617 ], [ 121.664044970251595, 14.743309806536514 ], [ 121.664747448303686, 14.741518532450733 ], [ 121.664278560626101, 14.739492112529399 ] ] ], [ [ [ 121.607608743479744, 14.737177873657314 ], [ 121.607183901568675, 14.737175795494151 ], [ 121.606995374470486, 14.737589734904551 ], [ 121.607258984410194, 14.737931446005677 ], [ 121.606825098575015, 14.740903498267063 ], [ 121.607019358550687, 14.741675577257244 ], [ 121.607151641329409, 14.742133303202642 ], [ 121.607629218063465, 14.744641384640772 ], [ 121.609113283051244, 14.743118449736128 ], [ 121.609091766217773, 14.741670188716828 ], [ 121.608166744297748, 14.741140137190344 ], [ 121.607829841007515, 14.737801075919815 ], [ 121.607734476217772, 14.737587815835862 ], [ 121.607693104517097, 14.737506701033153 ], [ 121.607608743479744, 14.737177873657314 ] ] ], [ [ [ 121.637382105635353, 14.741594773525804 ], [ 121.637201999381233, 14.741408238307688 ], [ 121.637010098272427, 14.741505374444428 ], [ 121.636981265502186, 14.741567632436706 ], [ 121.636956922681748, 14.741595932566904 ], [ 121.636957229743246, 14.74164778104887 ], [ 121.6370105122963, 14.741649253593209 ], [ 121.637078397180616, 14.741661621949513 ], [ 121.637382105635353, 14.741594773525804 ] ] ], [ [ [ 121.67557962916149, 14.707938689063743 ], [ 121.674691129405872, 14.706959380748319 ], [ 121.673714908523351, 14.707853126006562 ], [ 121.671397907329847, 14.707935030231628 ], [ 121.670497187590129, 14.708236532894286 ], [ 121.669768422684939, 14.708108340843678 ], [ 121.66912845024703, 14.708819113644378 ], [ 121.667774459962516, 14.710252831435366 ], [ 121.667998653942334, 14.711263119605746 ], [ 121.667601921727254, 14.71290934425884 ], [ 121.66735486047682, 14.713920750637055 ], [ 121.666319181211023, 14.714833859302308 ], [ 121.664802760332563, 14.715525225602327 ], [ 121.663915169305227, 14.717005704791035 ], [ 121.663486219721506, 14.718325293374656 ], [ 121.662134733314517, 14.719354266224961 ], [ 121.66095784289007, 14.719952761522979 ], [ 121.659786739988263, 14.721103247565166 ], [ 121.659293005299332, 14.722415863099815 ], [ 121.657946845262614, 14.722776948944039 ], [ 121.656087321033652, 14.723387958726875 ], [ 121.654934258202658, 14.725202758742794 ], [ 121.654745870976484, 14.726164028769555 ], [ 121.653981595410272, 14.729082774111745 ], [ 121.653935993832349, 14.72929142822824 ], [ 121.65418907869136, 14.729699395612421 ], [ 121.653775277193944, 14.731773735212638 ], [ 121.653346138440654, 14.732957895696567 ], [ 121.651379181532704, 14.731630089475875 ], [ 121.649577183722798, 14.731838622077133 ], [ 121.647919837839069, 14.731781248649993 ], [ 121.64643715923674, 14.732369720595345 ], [ 121.645380130607563, 14.732265642959828 ], [ 121.644731021982849, 14.732769703729238 ], [ 121.644324005504998, 14.733403979799297 ], [ 121.642750448708739, 14.73492740360356 ], [ 121.641192597618968, 14.735984446836229 ], [ 121.640445886586477, 14.736771607852724 ], [ 121.640198242737981, 14.737501195026356 ], [ 121.639979496728429, 14.738689998943936 ], [ 121.641203758104439, 14.739838291270701 ], [ 121.642515505330735, 14.740305453947261 ], [ 121.643990026907588, 14.740201312531594 ], [ 121.645404011142659, 14.740458637864128 ], [ 121.64694088483067, 14.738982492286118 ], [ 121.648313265921686, 14.737478830750449 ], [ 121.648509398168372, 14.736426019241289 ], [ 121.649589665963489, 14.736093876292086 ], [ 121.651164751650015, 14.73492126451932 ], [ 121.653540076153106, 14.733612594978894 ], [ 121.653780284530924, 14.733469860001126 ], [ 121.653780284557612, 14.733469869038743 ], [ 121.653842577405115, 14.733438270802644 ], [ 121.654107671602333, 14.73337681410773 ], [ 121.656596733139196, 14.732029132916491 ], [ 121.657975366702047, 14.73237938063272 ], [ 121.659804430024735, 14.731058846093957 ], [ 121.659979415416018, 14.729274450029555 ], [ 121.660466566414371, 14.727625487587682 ], [ 121.66215474144947, 14.726049838722547 ], [ 121.662714309975414, 14.725726385922487 ], [ 121.663519331808729, 14.725178562137584 ], [ 121.665054958509643, 14.723917195495652 ], [ 121.666345879977612, 14.723713870058589 ], [ 121.667930995515491, 14.722626057323861 ], [ 121.669070753089528, 14.721076879214305 ], [ 121.66973921193221, 14.720301730356249 ], [ 121.670533221624595, 14.720150289033354 ], [ 121.672038160601332, 14.718452239226549 ], [ 121.672481586024603, 14.716981241383904 ], [ 121.67321565935589, 14.715517712313448 ], [ 121.674713618690475, 14.714350177673065 ], [ 121.676502968488265, 14.714624546332928 ], [ 121.677434704458634, 14.714318411152872 ], [ 121.678914177288078, 14.715207857355034 ], [ 121.680446596591977, 14.714366365019854 ], [ 121.680081513409519, 14.712873411076476 ], [ 121.679757312012839, 14.712044289173708 ], [ 121.678903197965923, 14.711622938372555 ], [ 121.677162346417859, 14.710487039987981 ], [ 121.675702090296568, 14.708800231079232 ], [ 121.67557962916149, 14.707938689063743 ] ] ], [ [ [ 121.666671982061985, 14.737149178076551 ], [ 121.666385807146298, 14.736982436006363 ], [ 121.666067810426583, 14.737119034025667 ], [ 121.666070897385183, 14.737428899593237 ], [ 121.664673549476205, 14.739105460640912 ], [ 121.666387757907259, 14.737630367609285 ], [ 121.666530411948358, 14.737566606760993 ], [ 121.666751401650558, 14.737426959030692 ], [ 121.666671982061985, 14.737149178076551 ] ] ], [ [ [ 121.604735822241892, 14.730730875274604 ], [ 121.602690975231766, 14.728751284970137 ], [ 121.602559467033728, 14.729429392808354 ], [ 121.602721297025809, 14.730080752723524 ], [ 121.603396709794012, 14.732177996993252 ], [ 121.604735822241892, 14.730730875274604 ] ] ], [ [ [ 121.537312696652549, 14.728519073482532 ], [ 121.5362100822081, 14.726809574908273 ], [ 121.535332243802912, 14.728733834722311 ], [ 121.537663489506116, 14.730992029608753 ], [ 121.538477074355242, 14.729585498241891 ], [ 121.537312696652549, 14.728519073482532 ] ] ], [ [ [ 121.688216229472047, 14.728350823915351 ], [ 121.687341537393294, 14.725346485472473 ], [ 121.685547839604723, 14.727448818675473 ], [ 121.684071031717238, 14.728311286871495 ], [ 121.683154430064747, 14.728924288338321 ], [ 121.682755325829419, 14.728820934025974 ], [ 121.682513226662181, 14.729209753543779 ], [ 121.682659109743682, 14.729693699999601 ], [ 121.683157291321407, 14.729851605269682 ], [ 121.683611961549232, 14.729649649398349 ], [ 121.685926266775596, 14.730592987154605 ], [ 121.687357325207358, 14.730432251120231 ], [ 121.687855603398077, 14.729681303303774 ], [ 121.687933402196904, 14.729193864541957 ], [ 121.688216229472047, 14.728350823915351 ] ] ], [ [ [ 121.659866361274567, 14.694638100965136 ], [ 121.657861455095215, 14.693986145005587 ], [ 121.656401316426113, 14.695172805601851 ], [ 121.655114238763559, 14.696601112125373 ], [ 121.654529971173218, 14.697435877318833 ], [ 121.653674209789628, 14.697492374944233 ], [ 121.652030167048082, 14.698212046596941 ], [ 121.651062861749011, 14.698154563154784 ], [ 121.65096229016099, 14.699257444037388 ], [ 121.650134249572773, 14.700700861309807 ], [ 121.650134240287812, 14.700700861335569 ], [ 121.650403141430871, 14.701590330019052 ], [ 121.650660935243096, 14.703650023273726 ], [ 121.651221873134304, 14.70478372766506 ], [ 121.65078897985569, 14.706038000591873 ], [ 121.649501652500589, 14.706060164669632 ], [ 121.647595838287671, 14.706650462333643 ], [ 121.647223353664245, 14.706661433448458 ], [ 121.645309800416655, 14.708106792693211 ], [ 121.644849858291863, 14.708438623181159 ], [ 121.644731957286268, 14.708887562088986 ], [ 121.643586698354156, 14.710574828078336 ], [ 121.643506391050536, 14.711212741215919 ], [ 121.643081831716898, 14.711069014860154 ], [ 121.641122189331725, 14.711645500113839 ], [ 121.639404592944345, 14.711317228561947 ], [ 121.638277968350863, 14.711673641018399 ], [ 121.636920798875849, 14.710435615501282 ], [ 121.636163334057784, 14.712254556306737 ], [ 121.635821583433355, 14.712997816487709 ], [ 121.636025901049308, 14.713877888880473 ], [ 121.636932027443478, 14.714346399797069 ], [ 121.638331940519649, 14.715718183192493 ], [ 121.638766706661315, 14.717075692389827 ], [ 121.638734935395306, 14.718818016765079 ], [ 121.638485497286013, 14.719665251572399 ], [ 121.638435560875379, 14.721162477047198 ], [ 121.639450551914734, 14.722818090889078 ], [ 121.63928660717778, 14.723426397567323 ], [ 121.639624118762654, 14.725245119733172 ], [ 121.640299562762635, 14.726084529653305 ], [ 121.641165450271316, 14.72660542361632 ], [ 121.64255115551353, 14.72658579665109 ], [ 121.644942632028361, 14.725637522943643 ], [ 121.64536078731561, 14.725625542608586 ], [ 121.645510903068072, 14.725375760087969 ], [ 121.6455447407847, 14.725228858237305 ], [ 121.645598810980715, 14.724995265107218 ], [ 121.645357965347529, 14.724656545684176 ], [ 121.643709335220649, 14.722747171830475 ], [ 121.64283962260609, 14.721150421015258 ], [ 121.642449876891803, 14.719882460762756 ], [ 121.642634107072709, 14.718517305292286 ], [ 121.64240835149505, 14.717065726790425 ], [ 121.642408342209407, 14.717065726815905 ], [ 121.643243500784934, 14.715032685664246 ], [ 121.645325778349999, 14.713599222032199 ], [ 121.645630543735891, 14.713268541358842 ], [ 121.646054785702532, 14.712969804326846 ], [ 121.647749367612988, 14.711244820687401 ], [ 121.649516834063377, 14.711245636134425 ], [ 121.650979129690114, 14.710296275932642 ], [ 121.653480555837433, 14.708863311706381 ], [ 121.653355655767811, 14.708521980746481 ], [ 121.653706726003776, 14.708531439478149 ], [ 121.653706725977159, 14.708531430440514 ], [ 121.654782517610712, 14.705828654468382 ], [ 121.655430031919295, 14.704771989399283 ], [ 121.656480225453535, 14.703397477059927 ], [ 121.65788580837733, 14.702203737767874 ], [ 121.659135614705448, 14.701893114033464 ], [ 121.6599600116256, 14.700673387350186 ], [ 121.660761999943034, 14.699392960707659 ], [ 121.662072740813585, 14.698587191338547 ], [ 121.663439035030152, 14.697909574804727 ], [ 121.664095953033311, 14.696575828172861 ], [ 121.663269592139116, 14.695403918726351 ], [ 121.662062611177504, 14.695190698394679 ], [ 121.660102999937749, 14.694681113741101 ], [ 121.659866361274567, 14.694638100965136 ] ] ], [ [ [ 121.679206253251721, 14.725133527246422 ], [ 121.67966563243057, 14.72442834016962 ], [ 121.678944594058066, 14.725134287146684 ], [ 121.679665623144672, 14.724428340196614 ], [ 121.678943216104784, 14.724684758338697 ], [ 121.67877177020209, 14.724967077181931 ], [ 121.67848280426665, 14.725135627536993 ], [ 121.678468923435332, 14.72560001335575 ], [ 121.678946330141343, 14.725700626541872 ], [ 121.679308571811674, 14.725486421420127 ], [ 121.679206253251721, 14.725133527246422 ] ] ], [ [ [ 121.607900958641736, 14.725012825894822 ], [ 121.607575158749341, 14.724926168071594 ], [ 121.607576266655059, 14.725330514698987 ], [ 121.607850936823155, 14.72559641563333 ], [ 121.608139643707176, 14.725329051817257 ], [ 121.607900958641736, 14.725012825894822 ] ] ], [ [ [ 121.691474962396086, 14.704609526830767 ], [ 121.691383615302485, 14.704579755506698 ], [ 121.689438924628519, 14.704674322102084 ], [ 121.687472677124077, 14.704869560988254 ], [ 121.687278381314812, 14.704982117060853 ], [ 121.68522613705791, 14.706769635920955 ], [ 121.684540158452052, 14.708774550227123 ], [ 121.684620356054509, 14.710257150720016 ], [ 121.68472057395735, 14.71128258597801 ], [ 121.684799004923477, 14.71285965271308 ], [ 121.684628169175753, 14.714338323748894 ], [ 121.683114355881898, 14.715929579515644 ], [ 121.681643762096414, 14.71552461676184 ], [ 121.680882164613521, 14.716956943981456 ], [ 121.680485218957656, 14.718477410075742 ], [ 121.680645801437947, 14.719370549931195 ], [ 121.68043379317443, 14.721044099611277 ], [ 121.681279756059311, 14.722847955954453 ], [ 121.683136288416506, 14.72304315762249 ], [ 121.685078857507335, 14.723226316171363 ], [ 121.686698336035789, 14.724488236292746 ], [ 121.687339753201712, 14.724771615602171 ], [ 121.689123138057226, 14.722760444575799 ], [ 121.689415039588482, 14.721017796500767 ], [ 121.689711613904223, 14.719256218431266 ], [ 121.689626159582716, 14.718773743019391 ], [ 121.689795105397295, 14.716930831639274 ], [ 121.690906097131275, 14.716338262541163 ], [ 121.69151167000237, 14.716377359383609 ], [ 121.693568636008294, 14.714913191568638 ], [ 121.693621049273972, 14.714891228350778 ], [ 121.693619152470802, 14.714863714375447 ], [ 121.694408547621308, 14.712831329861041 ], [ 121.694504232959559, 14.711672185946814 ], [ 121.694945747640901, 14.709466288190351 ], [ 121.695020030429703, 14.708743662107072 ], [ 121.69454592604427, 14.707639088648538 ], [ 121.694488236951173, 14.70581597019012 ], [ 121.692084384166463, 14.704666515730796 ], [ 121.691557328165928, 14.70458783717871 ], [ 121.691474962396086, 14.704609526830767 ] ] ], [ [ [ 121.630446092885251, 14.711144475625456 ], [ 121.628524065339263, 14.71010160665845 ], [ 121.627685574808012, 14.712197873113832 ], [ 121.627760837811422, 14.713019563664279 ], [ 121.627866979875947, 14.713668658921566 ], [ 121.628542469231206, 14.716597532605492 ], [ 121.62991200646502, 14.715764413807685 ], [ 121.631227276241773, 14.7156260467266 ], [ 121.630991796869949, 14.714707625101045 ], [ 121.631603203840299, 14.713009232270966 ], [ 121.630446092885251, 14.711144475625456 ] ] ], [ [ [ 121.701245909032039, 14.705973852993926 ], [ 121.703948087661971, 14.704631136466269 ], [ 121.698287915404208, 14.704648091627563 ], [ 121.698601872939591, 14.705885816781104 ], [ 121.699879443166452, 14.707461000508539 ], [ 121.701245909032039, 14.705973852993926 ] ] ], [ [ [ 121.637229601091803, 14.680690459129142 ], [ 121.636835007636506, 14.680516857815052 ], [ 121.636261452326849, 14.68086876233963 ], [ 121.634051173113505, 14.681688152649167 ], [ 121.633407864307188, 14.683662064230107 ], [ 121.632964607670957, 14.684404275224336 ], [ 121.633208773666695, 14.684947255353293 ], [ 121.63265170529229, 14.685444777514554 ], [ 121.630879813530782, 14.686767317820786 ], [ 121.629985007293271, 14.6884981939219 ], [ 121.628967132697682, 14.688990383585486 ], [ 121.628463548354446, 14.688718485883166 ], [ 121.628011063320656, 14.688944566369841 ], [ 121.625369334131364, 14.689582126236067 ], [ 121.624273635246254, 14.691415101997878 ], [ 121.622872148597551, 14.691239365426039 ], [ 121.620370406402657, 14.69232572028595 ], [ 121.620078124047993, 14.692143044605441 ], [ 121.620013346852616, 14.692546526318127 ], [ 121.620038390195276, 14.692610610194963 ], [ 121.620060770649772, 14.69262876212872 ], [ 121.620079553059838, 14.692655156980974 ], [ 121.621746226341699, 14.695076254645866 ], [ 121.621533724414704, 14.696692562412832 ], [ 121.621997681052051, 14.69854239228172 ], [ 121.622012432260092, 14.698912783871481 ], [ 121.622822386079449, 14.700775041770603 ], [ 121.622724794311068, 14.702312687007701 ], [ 121.624311279648126, 14.704808128361282 ], [ 121.624364114342711, 14.704805402792175 ], [ 121.62761945773488, 14.703984519779599 ], [ 121.628506657506591, 14.703954287471468 ], [ 121.630499298957389, 14.702897952918413 ], [ 121.630700697113269, 14.702892485371107 ], [ 121.630681070557088, 14.702720052827743 ], [ 121.631563920985442, 14.700751649263189 ], [ 121.632186540983483, 14.700256139144493 ], [ 121.63264689817197, 14.696698706705705 ], [ 121.632662153091076, 14.696662794717142 ], [ 121.63265180529379, 14.69663190451247 ], [ 121.631961071555494, 14.693272737177834 ], [ 121.631623420294986, 14.692579692310172 ], [ 121.631298755051276, 14.691247507176685 ], [ 121.632663025667057, 14.689421548509335 ], [ 121.633418602095631, 14.689224980409657 ], [ 121.634670836583922, 14.688485560515392 ], [ 121.635729531331606, 14.687387444447786 ], [ 121.636855409969826, 14.687638151831761 ], [ 121.638335534684629, 14.687033135920036 ], [ 121.63930871327176, 14.686777581961868 ], [ 121.641046925673621, 14.685578020701236 ], [ 121.642255828593449, 14.687292950469491 ], [ 121.641942634497155, 14.688465767796519 ], [ 121.642194123975088, 14.689570575322312 ], [ 121.642133040088609, 14.691510566323158 ], [ 121.64259242476345, 14.692549885389846 ], [ 121.642419255843834, 14.693862910163952 ], [ 121.641963790495865, 14.69577366842427 ], [ 121.641826300635785, 14.696637880518058 ], [ 121.642705024198861, 14.698213930312146 ], [ 121.642877648131829, 14.698976548498612 ], [ 121.643794308094741, 14.699268246164932 ], [ 121.645286703265398, 14.700163051445873 ], [ 121.646492411396281, 14.69953557367503 ], [ 121.648237507221054, 14.699494339367311 ], [ 121.648109154936549, 14.69795291337846 ], [ 121.648728925423342, 14.696618875603111 ], [ 121.648680101747843, 14.695848409348347 ], [ 121.648523462734602, 14.693449806156311 ], [ 121.648465636726485, 14.692533712516987 ], [ 121.649017795592997, 14.692100949368001 ], [ 121.649460068848867, 14.691846171097382 ], [ 121.65142715552885, 14.690358625971362 ], [ 121.652247128514702, 14.688437330388417 ], [ 121.652018929273993, 14.686857140698406 ], [ 121.650051694116456, 14.684953066161244 ], [ 121.649438861847784, 14.684591311715943 ], [ 121.649249628628212, 14.684543827227985 ], [ 121.645463023257577, 14.684585892870366 ], [ 121.645241347910726, 14.684550062663252 ], [ 121.644849109837324, 14.684754291656368 ], [ 121.644012582146317, 14.684374203374169 ], [ 121.642228652814566, 14.683222128164317 ], [ 121.641037763675143, 14.682401224613978 ], [ 121.639989019565022, 14.681317163382728 ], [ 121.637229601091803, 14.680690459129142 ] ] ], [ [ [ 121.527962970937878, 14.700802142988218 ], [ 121.527745540226974, 14.698167842202727 ], [ 121.527565251033081, 14.700826978150905 ], [ 121.527565260339657, 14.700826987167892 ], [ 121.527579962262593, 14.701008561521661 ], [ 121.527599146839208, 14.701157905719629 ], [ 121.527756096726549, 14.702618618356276 ], [ 121.52794232718621, 14.701192318976192 ], [ 121.527985037454584, 14.701007651159131 ], [ 121.527962970937878, 14.700802142988218 ] ] ], [ [ [ 121.574118588756903, 14.696616603683793 ], [ 121.573916247923734, 14.69655805446639 ], [ 121.573746539420767, 14.696648902005567 ], [ 121.573916908337466, 14.696813904852284 ], [ 121.573286673193365, 14.697430442777954 ], [ 121.572452749230237, 14.699471567419085 ], [ 121.572715723087569, 14.700902771242957 ], [ 121.573313687230765, 14.701500238714093 ], [ 121.57392926616285, 14.701600517573382 ], [ 121.574459165375345, 14.701414767552446 ], [ 121.573927456830376, 14.700899810078372 ], [ 121.576181331104763, 14.69869488496254 ], [ 121.57459865420067, 14.69681223651661 ], [ 121.574118588756903, 14.696616603683793 ] ] ], [ [ [ 121.527966960764061, 14.692835764031265 ], [ 121.527972645428434, 14.692601832413754 ], [ 121.527732899407269, 14.692836289857143 ], [ 121.527645830098976, 14.692751926835324 ], [ 121.527585874070766, 14.692836620033258 ], [ 121.527571530678586, 14.692994083369207 ], [ 121.52773934598541, 14.695555552312543 ], [ 121.527930731993777, 14.693027973042595 ], [ 121.527966960764061, 14.692835764031265 ] ] ], [ [ [ 121.562170654034716, 14.691920104837561 ], [ 121.561308967485701, 14.690907432302183 ], [ 121.559745916525898, 14.691239879294717 ], [ 121.562177552041675, 14.693595245087943 ], [ 121.562714515436255, 14.692755083441178 ], [ 121.562170654034716, 14.691920104837561 ] ] ], [ [ [ 121.663656679943458, 14.689972140247303 ], [ 121.66204239603664, 14.688409874175699 ], [ 121.660332335686604, 14.688414697272625 ], [ 121.660713587582293, 14.689710877724048 ], [ 121.662047734214198, 14.690200816214279 ], [ 121.663656679943458, 14.689972140247303 ] ] ], [ [ [ 121.550744079117663, 14.684611558561826 ], [ 121.549105874582352, 14.684220057963335 ], [ 121.548700738251142, 14.684616339141417 ], [ 121.54753365438863, 14.684619061569579 ], [ 121.547560780195099, 14.685731335080941 ], [ 121.54870448817411, 14.686137901897634 ], [ 121.550032361809102, 14.685906364702335 ], [ 121.550744079117663, 14.684611558561826 ] ] ], [ [ [ 121.613233164668188, 14.681907160571845 ], [ 121.611650638446307, 14.680374883614306 ], [ 121.611397514792131, 14.680375543032236 ], [ 121.611469007474028, 14.68055264212396 ], [ 121.611659012063242, 14.683419801618463 ], [ 121.613233164668188, 14.681907160571845 ] ] ], [ [ [ 121.624988790225927, 14.676989452630865 ], [ 121.625394698407717, 14.676252751011917 ], [ 121.624231072908017, 14.676255848192101 ], [ 121.624235198801628, 14.677726120487252 ], [ 121.624988790225927, 14.676989452630865 ] ] ], [ [ [ 121.636896946377689, 14.668144795078163 ], [ 121.636799317944465, 14.668050280842753 ], [ 121.636774896007964, 14.668074188688003 ], [ 121.636799516092282, 14.668119527640602 ], [ 121.636896946377689, 14.668144795078163 ] ] ] ] } },
{ "type": "Feature", "properties": { "FID": 0, "Count": 612, "Length": 83497.244735100001, "Area": 14923622.358899999, "RangeMin": "0", "RangeMax": "Max", "Name": "{0, Max}", "layer": "Hour_5", "path": "C:/Users/Justine/OneDrive/Documents/PLAN/NOV21-0400.shp" }, "geometry": { "type": "MultiPolygon", "coordinates": [ [ [ [ 121.612288642476528, 14.806755037413444 ], [ 121.611997836609817, 14.806037404537493 ], [ 121.61137615060376, 14.806432511409916 ], [ 121.612000611130796, 14.807036767334312 ], [ 121.612001862491596, 14.80748747379983 ], [ 121.612580504364587, 14.807597893292989 ], [ 121.614298898578113, 14.80703071630249 ], [ 121.612288642476528, 14.806755037413444 ] ] ], [ [ [ 121.62037707155396, 14.798842864660038 ], [ 121.619815644699329, 14.798299621360723 ], [ 121.616226772948679, 14.798805816508372 ], [ 121.61617738873214, 14.798811550486761 ], [ 121.616140827119878, 14.798818515822997 ], [ 121.616060296427605, 14.798854319207738 ], [ 121.616132503132192, 14.798898024349176 ], [ 121.616177594371081, 14.798885152917746 ], [ 121.616205469320235, 14.79888107549851 ], [ 121.62002350138512, 14.799188756353342 ], [ 121.620377947023982, 14.799154066042712 ], [ 121.62037707155396, 14.798842864660038 ] ] ], [ [ [ 121.62037707155396, 14.798842864660038 ], [ 121.62037537060688, 14.798238211754967 ], [ 121.619815653988482, 14.798299621336003 ], [ 121.62037707155396, 14.798842864660038 ] ] ], [ [ [ 121.639186337694127, 14.768148027216222 ], [ 121.636782666227447, 14.765822206952421 ], [ 121.636402005739598, 14.766112704316203 ], [ 121.633634973818886, 14.766850849011488 ], [ 121.632883694747832, 14.766700900609949 ], [ 121.631256586460495, 14.768623919294136 ], [ 121.630588826884505, 14.770214352431463 ], [ 121.630463191223257, 14.771930741987996 ], [ 121.628997740608611, 14.774020217313579 ], [ 121.628919517616026, 14.774304735950105 ], [ 121.631978693717016, 14.775200761739413 ], [ 121.632908671652203, 14.775419320245019 ], [ 121.633592151993383, 14.77495842265275 ], [ 121.63443755741811, 14.77428979445337 ], [ 121.635477173850589, 14.772707900563688 ], [ 121.637096035332846, 14.771335957337611 ], [ 121.638434624478961, 14.771495084853891 ], [ 121.639884063148173, 14.77156267419182 ], [ 121.641291755349101, 14.770185181382208 ], [ 121.639186337694127, 14.768148027216222 ] ] ], [ [ [ 121.595143232937588, 14.774364335526746 ], [ 121.595113353004962, 14.774329968865283 ], [ 121.595069950512979, 14.774351209753545 ], [ 121.595113523790644, 14.7743933953102 ], [ 121.595090438286562, 14.774415976218325 ], [ 121.595113802627225, 14.774496949057774 ], [ 121.595140716340239, 14.774419716193725 ], [ 121.595150360714115, 14.774393301395893 ], [ 121.595143232937588, 14.774364335526746 ] ] ], [ [ [ 121.649878455915555, 14.765879671830362 ], [ 121.649676453127526, 14.765641938164061 ], [ 121.649233717749141, 14.765646532423885 ], [ 121.648124217343053, 14.766080442452051 ], [ 121.645940457038677, 14.766534440910036 ], [ 121.645479796914614, 14.766425591594906 ], [ 121.645182743214889, 14.766377510253843 ], [ 121.639884072436175, 14.77156267416634 ], [ 121.641296334355374, 14.771762387981564 ], [ 121.642633048543345, 14.771482970070934 ], [ 121.644013139714701, 14.77161957344914 ], [ 121.645494438760764, 14.771436506264923 ], [ 121.646588995832872, 14.771236182615693 ], [ 121.645490748038313, 14.77017360146615 ], [ 121.647584263197189, 14.768124870709199 ], [ 121.649677729848861, 14.766076122234312 ], [ 121.649788113744307, 14.766182920260039 ], [ 121.649786303417756, 14.766075819907639 ], [ 121.649878455915555, 14.765879671830362 ] ] ], [ [ [ 121.582662065378884, 14.770186047375557 ], [ 121.582504877255829, 14.770145028438463 ], [ 121.582314813078838, 14.770154793222057 ], [ 121.581586050455897, 14.770341575989738 ], [ 121.582402435642123, 14.770439987330271 ], [ 121.582505796429061, 14.770493965176779 ], [ 121.582654993030857, 14.770484112393849 ], [ 121.58343282647462, 14.770336969844504 ], [ 121.582662065378884, 14.770186047375557 ] ] ], [ [ [ 121.643996560986551, 14.762005999561186 ], [ 121.642097548351714, 14.761201743978187 ], [ 121.641265879630652, 14.761268911641338 ], [ 121.641268039845926, 14.762013511445685 ], [ 121.643373405315501, 14.764050649324275 ], [ 121.644200740150268, 14.764851165955488 ], [ 121.643705127674778, 14.763726023077133 ], [ 121.643996560986551, 14.762005999561186 ] ] ], [ [ [ 121.603799510786885, 14.761799995957515 ], [ 121.603473833827664, 14.760477757493499 ], [ 121.602752444225302, 14.76141166425732 ], [ 121.601986777088243, 14.762118085562017 ], [ 121.602516491076486, 14.763055135581421 ], [ 121.603482422557832, 14.76362551700406 ], [ 121.603823068707428, 14.762447950040597 ], [ 121.604111632478407, 14.762112599649312 ], [ 121.603799510786885, 14.761799995957515 ] ] ], [ [ [ 121.660306000055499, 14.757874565465949 ], [ 121.659310129206204, 14.756648746927528 ], [ 121.658048332385221, 14.756913097986677 ], [ 121.657268677717099, 14.757123847560996 ], [ 121.654436689683337, 14.757891094450345 ], [ 121.655469426700691, 14.759457162466404 ], [ 121.653853555007288, 14.758263571105552 ], [ 121.652182481113854, 14.760351139184843 ], [ 121.65190401782715, 14.761984047562491 ], [ 121.652946388188852, 14.762877172937552 ], [ 121.653866522884172, 14.762646847550792 ], [ 121.654465355993338, 14.762559835333308 ], [ 121.655616158297406, 14.761973648897905 ], [ 121.65600238882557, 14.759972800216008 ], [ 121.658054942451457, 14.759133379445982 ], [ 121.65874177591634, 14.758549037204594 ], [ 121.660306000055499, 14.757874565465949 ] ] ], [ [ [ 121.632860529928251, 14.758609830473087 ], [ 121.632846951322477, 14.753864739858081 ], [ 121.632156175429714, 14.753866610391446 ], [ 121.632162977394543, 14.754534044468841 ], [ 121.632435737118428, 14.757541342434676 ], [ 121.632440430743813, 14.757951713625573 ], [ 121.632589668863574, 14.758213791316328 ], [ 121.632860529928251, 14.758609830473087 ] ] ], [ [ [ 121.664278616155684, 14.739492049107895 ], [ 121.662192398382643, 14.738642184562536 ], [ 121.660505636611433, 14.73988540818849 ], [ 121.6591991574887, 14.741534251854508 ], [ 121.659377462328152, 14.742867889650109 ], [ 121.658011199027754, 14.744433243255298 ], [ 121.657420198659196, 14.745048203489796 ], [ 121.656224810214908, 14.745628484235521 ], [ 121.65699616577173, 14.746620441912023 ], [ 121.658018378359074, 14.746847012946285 ], [ 121.65976972896317, 14.747321457617957 ], [ 121.66071779041792, 14.747075411466566 ], [ 121.661865118154466, 14.749348759163 ], [ 121.662152771127921, 14.749697619859392 ], [ 121.662159168653162, 14.749762329441722 ], [ 121.661706292068473, 14.75326909529449 ], [ 121.661740572669487, 14.753784650747075 ], [ 121.661410923336774, 14.754592512144605 ], [ 121.662241814883856, 14.755148575370438 ], [ 121.662425034861073, 14.753964456998077 ], [ 121.662718921926498, 14.753781875687249 ], [ 121.663187919863461, 14.752853171986184 ], [ 121.662382458637637, 14.749849280165593 ], [ 121.665164734874011, 14.750918190174648 ], [ 121.666426414845958, 14.750463405904071 ], [ 121.666844171276793, 14.750091886396602 ], [ 121.667653697372259, 14.749681957007043 ], [ 121.666846611359261, 14.749271866087902 ], [ 121.666422696355411, 14.749229514758463 ], [ 121.665603349180685, 14.748891457317827 ], [ 121.662294465777649, 14.749629896523286 ], [ 121.662828477223684, 14.746206822598165 ], [ 121.662528497387441, 14.745610690866927 ], [ 121.662972555443346, 14.744868342641634 ], [ 121.664041738341226, 14.743306679654371 ], [ 121.664747448303686, 14.741518532450733 ], [ 121.664278616155684, 14.739492049107895 ] ] ], [ [ [ 121.60760873619266, 14.737175216576741 ], [ 121.607168966165759, 14.737161337703057 ], [ 121.60700395528751, 14.737589712638114 ], [ 121.607265551054326, 14.737925021190897 ], [ 121.606840984019001, 14.740918884490794 ], [ 121.607033483730305, 14.741675540592702 ], [ 121.607162774270762, 14.742122410922079 ], [ 121.60762906405543, 14.744585260627961 ], [ 121.609085683187359, 14.743091724711624 ], [ 121.609064853164611, 14.741670258813384 ], [ 121.608154277738009, 14.741152334420573 ], [ 121.607825632253778, 14.737797001792185 ], [ 121.607732256721079, 14.737587821602292 ], [ 121.607691872721958, 14.73750791529212 ], [ 121.60760873619266, 14.737175216576741 ] ] ], [ [ [ 121.637424453053072, 14.741594658044711 ], [ 121.637222206211035, 14.7413884629474 ], [ 121.637010067818963, 14.741494791373803 ], [ 121.636977829108801, 14.741564306887931 ], [ 121.636950682009086, 14.74159594957305 ], [ 121.636951247296437, 14.741653626671695 ], [ 121.637010530683, 14.741655643201096 ], [ 121.637086489966933, 14.741669462695606 ], [ 121.637424453053072, 14.741594658044711 ] ] ], [ [ [ 121.675607133719978, 14.707911749728563 ], [ 121.674691006651926, 14.706919027893719 ], [ 121.673696115551692, 14.707834942064851 ], [ 121.671410868370813, 14.707922349349582 ], [ 121.670497167726722, 14.70822996255893 ], [ 121.669760749134042, 14.708100906711188 ], [ 121.669112683861911, 14.708819158708721 ], [ 121.667766721237427, 14.710245343198306 ], [ 121.667992867599679, 14.71126878466916 ], [ 121.667597019012902, 14.712909358243445 ], [ 121.667351656910995, 14.71391765081049 ], [ 121.666319171459364, 14.714830614802892 ], [ 121.664800162099851, 14.715522711470118 ], [ 121.663909040793314, 14.717005722179055 ], [ 121.663493995854907, 14.718332817788792 ], [ 121.662134832701128, 14.719387533656409 ], [ 121.660981906954333, 14.719976055955945 ], [ 121.659821728902443, 14.721103148888581 ], [ 121.659318149701519, 14.722440184948685 ], [ 121.657946924208233, 14.722803537598601 ], [ 121.656103934833567, 14.72340403537048 ], [ 121.654966935593833, 14.725202667246576 ], [ 121.654778772882835, 14.726195866824424 ], [ 121.654064439868833, 14.72900168222202 ], [ 121.654003299940086, 14.729291240009237 ], [ 121.654355993419898, 14.72986091109046 ], [ 121.653778603473427, 14.732900463362016 ], [ 121.653654203027259, 14.733255992261713 ], [ 121.65133015148281, 14.731678080627404 ], [ 121.649577304327096, 14.73187974324874 ], [ 121.647952311262799, 14.731812664081193 ], [ 121.646394637660634, 14.732411348288903 ], [ 121.64538021348136, 14.732294084373033 ], [ 121.64474870667911, 14.732786817562623 ], [ 121.644351409537776, 14.733403904285787 ], [ 121.642765330355374, 14.734941813979521 ], [ 121.641192661601139, 14.736006543846237 ], [ 121.640457741556446, 14.736783071337591 ], [ 121.640213528375995, 14.737501153168026 ], [ 121.639991063046182, 14.73867867918767 ], [ 121.641203715777507, 14.739823677424754 ], [ 121.642527525354254, 14.740293689973054 ], [ 121.643975377687767, 14.740187145634744 ], [ 121.645403972407223, 14.740445352561329 ], [ 121.64693156252055, 14.738973471357818 ], [ 121.64829723738805, 14.737478875204149 ], [ 121.648488984218716, 14.736406274287791 ], [ 121.649589546487178, 14.73605315279058 ], [ 121.651126410127446, 14.734884172181767 ], [ 121.653710139186543, 14.733446133388119 ], [ 121.653780090360954, 14.733404093303466 ], [ 121.653797902838278, 14.733395041957465 ], [ 121.653876023956656, 14.733377462089051 ], [ 121.656532938628217, 14.731967403934783 ], [ 121.657975247525954, 14.732339271743719 ], [ 121.659778222814751, 14.731033488022026 ], [ 121.659940729311501, 14.729274559214772 ], [ 121.660440108107181, 14.727599886262217 ], [ 121.66215459722396, 14.726001586966399 ], [ 121.662683521097378, 14.725696594601528 ], [ 121.663452844257705, 14.725178750752329 ], [ 121.665030055434229, 14.723893099559771 ], [ 121.666345813953171, 14.723691917738101 ], [ 121.667916662656552, 14.722612189275415 ], [ 121.669052097944174, 14.721076932571538 ], [ 121.669738625236292, 14.720301171700372 ], [ 121.670533234067634, 14.720154401137222 ], [ 121.672042127999077, 14.718456086914186 ], [ 121.672488327375163, 14.716981222007679 ], [ 121.673220865318626, 14.715522749391869 ], [ 121.674713648949307, 14.714360119019473 ], [ 121.676517301321795, 14.714638413858651 ], [ 121.677402950005856, 14.714349511303899 ], [ 121.678914340034694, 14.715260989282452 ], [ 121.680491300080575, 14.714409615767989 ], [ 121.680109388235621, 14.712873330062749 ], [ 121.679775725522759, 14.712026259780096 ], [ 121.6789030962601, 14.711589725259021 ], [ 121.677180065696348, 14.710469690628491 ], [ 121.675731069576244, 14.708800147424499 ], [ 121.675607133719978, 14.707911749728563 ] ] ], [ [ [ 121.666688019082514, 14.737133479095178 ], [ 121.666385732701855, 14.736957709172275 ], [ 121.66605175363685, 14.737103489819139 ], [ 121.666054608890917, 14.737428946017856 ], [ 121.664654308408785, 14.7391242956366 ], [ 121.66638779306335, 14.737642044169156 ], [ 121.666538421735865, 14.737574356305091 ], [ 121.66677185048691, 14.737426900686716 ], [ 121.666688019082514, 14.737133479095178 ] ] ], [ [ [ 121.603389222197222, 14.729427255193871 ], [ 121.602569925612102, 14.728634105650462 ], [ 121.602410571131301, 14.72942977607914 ], [ 121.602598088327596, 14.730201290344102 ], [ 121.603398127276449, 14.73269867695166 ], [ 121.604971324798839, 14.730958858729281 ], [ 121.603389222197222, 14.729427255193871 ] ] ], [ [ [ 121.537363734539838, 14.728469175958521 ], [ 121.53620987294542, 14.726722920385008 ], [ 121.53528265008562, 14.728685794267889 ], [ 121.536216799057698, 14.729590680451466 ], [ 121.537721052173538, 14.731047778591623 ], [ 121.538552126805456, 14.729585325788081 ], [ 121.537363734539838, 14.728469175958521 ] ] ], [ [ [ 121.688213359474631, 14.728353624994178 ], [ 121.687341706142277, 14.72540085540512 ], [ 121.685563338109915, 14.727463811856509 ], [ 121.684004076808179, 14.7283768430128 ], [ 121.683154494171532, 14.72894506568986 ], [ 121.682786043260748, 14.72885065045223 ], [ 121.682562145863429, 14.729209610706793 ], [ 121.682695689121203, 14.729657885443645 ], [ 121.683157148430837, 14.729805296813387 ], [ 121.683582277750745, 14.729620933247974 ], [ 121.685932108699177, 14.730587276299223 ], [ 121.687357320493149, 14.730430732811604 ], [ 121.6878542342115, 14.729679978801025 ], [ 121.687931814274876, 14.729193869215461 ], [ 121.688213359474631, 14.728353624994178 ] ] ], [ [ [ 121.659871527142201, 14.69463304337896 ], [ 121.657861429524985, 14.693977514064665 ], [ 121.656398439166736, 14.695170011970571 ], [ 121.655112149688478, 14.696601117965768 ], [ 121.654529905993016, 14.69743581423692 ], [ 121.653674211386218, 14.697492917202595 ], [ 121.652050887140362, 14.698191762531202 ], [ 121.65100053155723, 14.698094237850693 ], [ 121.650943532648185, 14.699275806563433 ], [ 121.65014284744619, 14.700700837451132 ], [ 121.650421615383308, 14.701608200520067 ], [ 121.650687146325467, 14.703624373735797 ], [ 121.651269283013207, 14.704783595844999 ], [ 121.650816961494058, 14.706065081161313 ], [ 121.649501750884482, 14.706093775653699 ], [ 121.64754868298138, 14.706696612764924 ], [ 121.647267313639858, 14.706703979025113 ], [ 121.645310032783428, 14.708186685485201 ], [ 121.644899069922175, 14.708486252017625 ], [ 121.644797892318181, 14.708887380557409 ], [ 121.643805084961855, 14.7103610731566 ], [ 121.643683628838716, 14.711384278008461 ], [ 121.642994526545678, 14.711154462233434 ], [ 121.641122381915409, 14.711712134713725 ], [ 121.639484410933179, 14.711394472949424 ], [ 121.638149215721711, 14.711799661513753 ], [ 121.636921569446585, 14.71070403397837 ], [ 121.636223755693649, 14.712313037981016 ], [ 121.635907205088159, 14.712997583983233 ], [ 121.636098653930219, 14.713806681815287 ], [ 121.636931730572641, 14.714243018047133 ], [ 121.638398933736212, 14.71565261258943 ], [ 121.638861095533301, 14.717075434811054 ], [ 121.638820920428742, 14.7189012364181 ], [ 121.638628875301734, 14.719524929380562 ], [ 121.638562405546452, 14.721162130983522 ], [ 121.639532344080692, 14.722738037217617 ], [ 121.639328129428961, 14.723466583299741 ], [ 121.639652784699649, 14.725245041364397 ], [ 121.640314850920774, 14.726069566547666 ], [ 121.641165385890403, 14.726583172948503 ], [ 121.642532949988862, 14.726568168896579 ], [ 121.644963197866957, 14.725617393501546 ], [ 121.645360738858926, 14.725608904327093 ], [ 121.645504663800949, 14.725369722041151 ], [ 121.645537562701804, 14.725228878044165 ], [ 121.645589736506849, 14.725004147099769 ], [ 121.645358035671791, 14.724680694240275 ], [ 121.643680361749432, 14.722775530529555 ], [ 121.642764314453913, 14.721150627873499 ], [ 121.642383328158814, 14.719947597486698 ], [ 121.642586374166413, 14.718471109018505 ], [ 121.642364504577088, 14.717065847120818 ], [ 121.643187762695533, 14.71506277172538 ], [ 121.643184789946361, 14.714975864171954 ], [ 121.643335931019806, 14.714917743055576 ], [ 121.645325632876592, 14.713549225797081 ], [ 121.645606491336338, 14.713245263270565 ], [ 121.646007114013671, 14.712969935869946 ], [ 121.647739180527651, 14.711234970649796 ], [ 121.649516842743878, 14.711248600479115 ], [ 121.650976289564369, 14.710293527327906 ], [ 121.653489089027488, 14.70886328789191 ], [ 121.653362080980898, 14.708528198835737 ], [ 121.653706754340362, 14.708541055517271 ], [ 121.654772851948096, 14.705819309391547 ], [ 121.655413838665211, 14.70477203471523 ], [ 121.656477441225633, 14.703394782589772 ], [ 121.657885808189775, 14.702203674504482 ], [ 121.659135931307887, 14.701893420424403 ], [ 121.659957235428223, 14.700673395171538 ], [ 121.660762232737781, 14.69939318599358 ], [ 121.6620727521356, 14.698590987140305 ], [ 121.663442545590016, 14.697912972075505 ], [ 121.664106407673216, 14.696575798539948 ], [ 121.663265018829293, 14.695408396295431 ], [ 121.66206259438755, 14.695185067953751 ], [ 121.66009507583054, 14.69467345401233 ], [ 121.659871527142201, 14.69463304337896 ] ] ], [ [ [ 121.679168060184907, 14.725133638183639 ], [ 121.679588335862647, 14.724504011138128 ], [ 121.678943409885264, 14.724747976152617 ], [ 121.678796404753029, 14.724990910260946 ], [ 121.67854547507784, 14.725135445682804 ], [ 121.678531870430348, 14.72553838370168 ], [ 121.678946079579987, 14.725618890750228 ], [ 121.679256554960332, 14.725436097254224 ], [ 121.679168060184907, 14.725133638183639 ] ] ], [ [ [ 121.607925584378705, 14.724988721498629 ], [ 121.607575073689148, 14.724895123576934 ], [ 121.607576266655059, 14.725330514698987 ], [ 121.607872491476357, 14.725617282081366 ], [ 121.60818175606731, 14.725328942411982 ], [ 121.607925584378705, 14.724988721498629 ] ] ], [ [ [ 121.691474474067817, 14.704452905854472 ], [ 121.69115677344999, 14.70436030443908 ], [ 121.68732298262826, 14.70463608800009 ], [ 121.687277171397, 14.704591675903021 ], [ 121.68715936692162, 14.704566436126665 ], [ 121.686991114567391, 14.704681518354063 ], [ 121.68502451845454, 14.706574569832314 ], [ 121.685043327934764, 14.70686836512734 ], [ 121.684443926260215, 14.708774831664336 ], [ 121.684443935545445, 14.708774831637173 ], [ 121.684511196039409, 14.710151548724545 ], [ 121.68461854779342, 14.711382488458607 ], [ 121.684685657937933, 14.712859984410647 ], [ 121.68456483815676, 14.71427705303195 ], [ 121.683114188183026, 14.715875173340333 ], [ 121.681580301129728, 14.715463219066915 ], [ 121.680788027304885, 14.716957217946813 ], [ 121.680435466767804, 14.718429284689075 ], [ 121.680617759164491, 14.719398006581855 ], [ 121.68042462812592, 14.721044126274817 ], [ 121.68127758964944, 14.722850068038152 ], [ 121.683136322810697, 14.723054309977783 ], [ 121.685076200491636, 14.723228917759288 ], [ 121.686608866567326, 14.724401683477199 ], [ 121.687339541322032, 14.724703345905727 ], [ 121.68912781365384, 14.722764967689882 ], [ 121.689433295362761, 14.721017742680989 ], [ 121.689780228726747, 14.719322596356825 ], [ 121.689686648192918, 14.718714512724773 ], [ 121.689885026867415, 14.71693056644833 ], [ 121.690966850559747, 14.716397035606532 ], [ 121.691511858290426, 14.716437694096003 ], [ 121.693280200017838, 14.715195641215745 ], [ 121.693743860643693, 14.715010034428005 ], [ 121.693726989411516, 14.71475811519425 ], [ 121.694483267143312, 14.712831108074026 ], [ 121.694571691795701, 14.711737445297558 ], [ 121.695030892706228, 14.709382907125466 ], [ 121.695094897114501, 14.708743439742443 ], [ 121.694715161410173, 14.707802809278878 ], [ 121.694637085989129, 14.705670203225747 ], [ 121.693091431078543, 14.70466353614832 ], [ 121.691766246164136, 14.704383258281347 ], [ 121.691474474067817, 14.704452905854472 ] ] ], [ [ [ 121.630413609649068, 14.711176267450561 ], [ 121.628524235238075, 14.710161589702139 ], [ 121.627701487402661, 14.712213275968629 ], [ 121.627774357531337, 14.713019527423999 ], [ 121.627878221480188, 14.713657656963781 ], [ 121.62854236757984, 14.716561662096526 ], [ 121.63003746972629, 14.715641632992451 ], [ 121.631107411346974, 14.715510027081466 ], [ 121.630922616294072, 14.714775332438476 ], [ 121.631555736289428, 14.713009360290837 ], [ 121.630413609649068, 14.711176267450561 ] ] ], [ [ [ 121.701172349703626, 14.705902694192718 ], [ 121.703590168580405, 14.704632212712447 ], [ 121.698348026720424, 14.704647912288777 ], [ 121.698634928326513, 14.705853453759271 ], [ 121.699879242801046, 14.707397529829146 ], [ 121.701172349703626, 14.705902694192718 ] ] ], [ [ [ 121.637201214778912, 14.680662980114992 ], [ 121.636834964044994, 14.680501638357615 ], [ 121.636301401822749, 14.680829656097655 ], [ 121.634034471019632, 14.681671975011213 ], [ 121.633388717658804, 14.683680796964856 ], [ 121.632958498599123, 14.684404291707384 ], [ 121.633198150901819, 14.684936980986169 ], [ 121.632651671080737, 14.685432757392032 ], [ 121.630753438849695, 14.686644979159261 ], [ 121.629362250635936, 14.688499865806756 ], [ 121.628712241518286, 14.688743622184742 ], [ 121.628463222019406, 14.688603083607763 ], [ 121.628247759238107, 14.688712882156707 ], [ 121.625291279393451, 14.689506561729752 ], [ 121.624272825705475, 14.69112693505553 ], [ 121.622638478604642, 14.691013146992487 ], [ 121.620542965025606, 14.69215684495145 ], [ 121.620077669940372, 14.691980302691455 ], [ 121.619988461501961, 14.692522425111218 ], [ 121.620022764090436, 14.692610651506989 ], [ 121.62005365938802, 14.692635721936822 ], [ 121.620079600825662, 14.692672274389157 ], [ 121.62166673366238, 14.69515405462422 ], [ 121.62144157234826, 14.696692806683998 ], [ 121.621864712435325, 14.698413667727046 ], [ 121.621888732880592, 14.699033856551884 ], [ 121.622620947716641, 14.700775576939716 ], [ 121.622595120943799, 14.702439596274688 ], [ 121.624311012225661, 14.704713033832704 ], [ 121.624458943559475, 14.704712603508639 ], [ 121.627709222111122, 14.704071403236084 ], [ 121.628506982663495, 14.704069138295852 ], [ 121.630178265064174, 14.703212164165292 ], [ 121.631021583694263, 14.703203089271438 ], [ 121.630961972822519, 14.702445109534022 ], [ 121.63175856236316, 14.700751124649564 ], [ 121.632245496387128, 14.70031320710668 ], [ 121.632686653435883, 14.697717930678133 ], [ 121.633214378905791, 14.697176473241772 ], [ 121.633364401250844, 14.696660898350775 ], [ 121.633113286308912, 14.696242207204682 ], [ 121.632681867432808, 14.696037853599329 ], [ 121.632003570223404, 14.693231139351893 ], [ 121.631667708080997, 14.692579573006087 ], [ 121.631355436036998, 14.691302385455899 ], [ 121.632663026053024, 14.689421684074572 ], [ 121.633425268247578, 14.689231433434882 ], [ 121.634681393029538, 14.688485531947498 ], [ 121.635740266056345, 14.687397826837591 ], [ 121.636855439702771, 14.687648527084976 ], [ 121.638313749560368, 14.687054461027429 ], [ 121.639323349207871, 14.686791749399573 ], [ 121.641046999290154, 14.685603543084675 ], [ 121.642209463079041, 14.687338338442739 ], [ 121.641895153774527, 14.688465897770691 ], [ 121.642124582917546, 14.689503262906586 ], [ 121.642065064431748, 14.691577107548625 ], [ 121.642470155468473, 14.692550220499275 ], [ 121.642329518139135, 14.69377605039011 ], [ 121.641873713127481, 14.695861843223415 ], [ 121.641766441503236, 14.696638044429248 ], [ 121.64258101067017, 14.698093896850299 ], [ 121.642790023453472, 14.699062321938564 ], [ 121.643905566703182, 14.699375932278238 ], [ 121.64528675204852, 14.700179834366315 ], [ 121.646412759607955, 14.699613535919573 ], [ 121.648343162651258, 14.69959660709404 ], [ 121.64826542848273, 14.697799933409879 ], [ 121.648842339139861, 14.696618561627485 ], [ 121.648818242192903, 14.695982110609297 ], [ 121.648726246372803, 14.693251291739331 ], [ 121.648698838486325, 14.692533067288482 ], [ 121.649118466248595, 14.692198386507654 ], [ 121.649460533283118, 14.692005007818405 ], [ 121.651510116818415, 14.690438930575811 ], [ 121.652373731118587, 14.688436978157203 ], [ 121.652134095750498, 14.686968599004004 ], [ 121.651542845652443, 14.686396347064008 ], [ 121.649942646842447, 14.684847509476715 ], [ 121.649438791726524, 14.684567316736644 ], [ 121.649265968779389, 14.684527830398503 ], [ 121.645446115324873, 14.684569526871329 ], [ 121.645241314141728, 14.684538431188999 ], [ 121.644877226630896, 14.684726775780533 ], [ 121.644039163046557, 14.684374130388752 ], [ 121.642246169185171, 14.683204980797962 ], [ 121.641037676446288, 14.682370975520167 ], [ 121.640002379091996, 14.681304094507626 ], [ 121.637201214778912, 14.680662980114992 ] ] ], [ [ [ 121.527962804190864, 14.700802306045116 ], [ 121.527745298853858, 14.698066057995167 ], [ 121.527565474370022, 14.700827185520685 ], [ 121.527580361525281, 14.701008560624706 ], [ 121.527599508147034, 14.701157561468056 ], [ 121.527756092288485, 14.702616747523136 ], [ 121.527941927001052, 14.701191931246575 ], [ 121.527984545340161, 14.701007652265535 ], [ 121.527962804190864, 14.700802306045116 ] ] ], [ [ [ 121.574178362999731, 14.69655812726783 ], [ 121.573916049491885, 14.696481179147112 ], [ 121.573694785596288, 14.696598778183068 ], [ 121.573916908337466, 14.696813904852284 ], [ 121.573052482819321, 14.697659545447816 ], [ 121.572312929089492, 14.699336151222399 ], [ 121.572583326793193, 14.700903094401685 ], [ 121.57324558507797, 14.701566860294227 ], [ 121.573929475010942, 14.701681396591599 ], [ 121.574520787515752, 14.701474438032351 ], [ 121.573927456830376, 14.700899810078372 ], [ 121.576301583387774, 14.698577242468668 ], [ 121.574776154161455, 14.696811801818535 ], [ 121.574178362999731, 14.69655812726783 ] ] ], [ [ [ 121.528033235900836, 14.692835615099289 ], [ 121.528038804537687, 14.692537135084264 ], [ 121.527732899407269, 14.692836289857143 ], [ 121.527620470570554, 14.692727355512444 ], [ 121.527543154551722, 14.692836715951396 ], [ 121.527525834226594, 14.693038778953621 ], [ 121.527740124207796, 14.695883779787922 ], [ 121.527985927514464, 14.693081452780937 ], [ 121.528033235900836, 14.692835615099289 ] ] ], [ [ [ 121.562230911938244, 14.691861151249055 ], [ 121.561308712253521, 14.690806263171361 ], [ 121.559667370929802, 14.691163787008414 ], [ 121.561313637598332, 14.692758436807789 ], [ 121.562246894077305, 14.693662411020897 ], [ 121.5628089880272, 14.692754856991984 ], [ 121.562230911938244, 14.691861151249055 ] ] ], [ [ [ 121.663619257107641, 14.689935932708382 ], [ 121.66204239603664, 14.688409874175699 ], [ 121.660362212958518, 14.688414613114158 ], [ 121.660732945206561, 14.689691925313483 ], [ 121.662047648922609, 14.690172203078438 ], [ 121.663619257107641, 14.689935932708382 ] ] ], [ [ [ 121.550795338570055, 14.684611438404493 ], [ 121.549122731713098, 14.684203578673735 ], [ 121.548700738251142, 14.684616339141417 ], [ 121.547494186165665, 14.684619153533587 ], [ 121.547523536579391, 14.685767763174157 ], [ 121.548704649892443, 14.686203516490943 ], [ 121.550079277578618, 14.685951814780946 ], [ 121.550079268271773, 14.685951805764866 ], [ 121.550795338570055, 14.684611438404493 ] ] ], [ [ [ 121.613216017211272, 14.68189055776846 ], [ 121.611650638446307, 14.680374883614306 ], [ 121.611405610589983, 14.680375521945969 ], [ 121.61147346121416, 14.680548283344809 ], [ 121.611658998565943, 14.683414894134424 ], [ 121.613216017211272, 14.68189055776846 ] ] ], [ [ [ 121.624989758377922, 14.676990380943794 ], [ 121.625376631795632, 14.676252799143715 ], [ 121.624231072908017, 14.676255848192101 ], [ 121.624235234639769, 14.677738890766815 ], [ 121.624989758377922, 14.676990380943794 ] ] ] ] } },
{ "type": "Feature", "properties": { "FID": 0, "Count": 629, "Length": 85129.5786563, "Area": 15438847.853499999, "RangeMin": "0", "RangeMax": "Max", "Name": "{0, Max}", "layer": "Hour_6", "path": "C:/Users/Justine/OneDrive/Documents/PLAN/NOV21-0500.shp" }, "geometry": { "type": "MultiPolygon", "coordinates": [ [ [ [ 121.61223357470034, 14.806808893193537 ], [ 121.611998268764694, 14.806193068642848 ], [ 121.611478713522345, 14.806531765245857 ], [ 121.612000611130796, 14.807036767334312 ], [ 121.612001416418082, 14.807326811904156 ], [ 121.612384672724971, 14.807408408932217 ], [ 121.613780533158391, 14.807032083079806 ], [ 121.61223357470034, 14.806808893193537 ] ] ], [ [ [ 121.620377951142828, 14.799155530137021 ], [ 121.620375364022294, 14.798235871011411 ], [ 121.619813120455078, 14.798297178862489 ], [ 121.616231590192143, 14.798801104166921 ], [ 121.616177377016001, 14.798807357028002 ], [ 121.616137194516782, 14.798815009766546 ], [ 121.6160487221035, 14.798854349811519 ], [ 121.616128269512544, 14.798902165770638 ], [ 121.616177602451216, 14.798888044958248 ], [ 121.616208151878141, 14.798883671259414 ], [ 121.620022500871286, 14.799189726048644 ], [ 121.620377951142828, 14.799155530137021 ] ] ], [ [ [ 121.649848310932711, 14.7659091824308 ], [ 121.649676614967589, 14.765696977109798 ], [ 121.649289668579954, 14.765700666018581 ], [ 121.648297962972322, 14.766079959795597 ], [ 121.64594220810433, 14.766536135145245 ], [ 121.645479793165435, 14.766424308255617 ], [ 121.645191671166756, 14.766368773250971 ], [ 121.641291755349101, 14.770185181382208 ], [ 121.639186337694127, 14.768148027216222 ], [ 121.636765566118328, 14.765805660413648 ], [ 121.636345907690711, 14.766112857279024 ], [ 121.633568399462092, 14.766786428328571 ], [ 121.632883548096274, 14.766649693439504 ], [ 121.631209021474334, 14.7685779014856 ], [ 121.630502987732498, 14.770214584382726 ], [ 121.630380736123541, 14.77185095408073 ], [ 121.628706081090897, 14.774205706814879 ], [ 121.62869596103414, 14.774295243403106 ], [ 121.628692776078609, 14.774305347089603 ], [ 121.628693971485916, 14.77431742726432 ], [ 121.62870650944852, 14.774356201331781 ], [ 121.628777317469016, 14.774373968397608 ], [ 121.631911319804203, 14.775266684400798 ], [ 121.632908886492785, 14.775494287268678 ], [ 121.633640631709795, 14.775005332121697 ], [ 121.634533466412805, 14.774289533589318 ], [ 121.635535759172896, 14.772764588007073 ], [ 121.637096365088524, 14.771450292162873 ], [ 121.638550436061436, 14.77160713338302 ], [ 121.639798808269177, 14.77164610888437 ], [ 121.641296559599255, 14.771839966773651 ], [ 121.642693498157229, 14.771541458046011 ], [ 121.643988327846287, 14.77164386290754 ], [ 121.645494472331436, 14.771447993050371 ], [ 121.646805612057449, 14.771445771135179 ], [ 121.645490748038313, 14.77017360146615 ], [ 121.647584263197189, 14.768124870709199 ], [ 121.649677729848861, 14.766076122234312 ], [ 121.649769773859205, 14.766165176165449 ], [ 121.649768155192632, 14.766075870445524 ], [ 121.649848310932711, 14.7659091824308 ] ] ], [ [ [ 121.595144131554633, 14.774363465612396 ], [ 121.595113347845867, 14.774328052876921 ], [ 121.595067557221682, 14.77434890219225 ], [ 121.595113523790644, 14.7743933953102 ], [ 121.595089771289565, 14.774416628636184 ], [ 121.595113811217686, 14.774500139359105 ], [ 121.595141554466906, 14.774420527453778 ], [ 121.595151521736639, 14.77439329843582 ], [ 121.595144131554633, 14.774363465612396 ] ] ], [ [ [ 121.582665520952617, 14.770182676706433 ], [ 121.582504866209462, 14.770140834943449 ], [ 121.582310734501363, 14.770150844850258 ], [ 121.581566619895128, 14.770341624374053 ], [ 121.582400138112902, 14.770442234425104 ], [ 121.582505805118814, 14.770497263938928 ], [ 121.58265824286616, 14.770487258465629 ], [ 121.583455935087414, 14.7703369121145 ], [ 121.582665520952617, 14.770182676706433 ] ] ], [ [ [ 121.644045497183143, 14.762005864540946 ], [ 121.64211871967197, 14.761181034636971 ], [ 121.64126581851427, 14.761247844967366 ], [ 121.641268039845926, 14.762013511445685 ], [ 121.644267400696023, 14.764915655552661 ], [ 121.643749609773479, 14.763682492419957 ], [ 121.644045497183143, 14.762005864540946 ] ] ], [ [ [ 121.603803947768569, 14.761795664448211 ], [ 121.603473781728425, 14.760458660880129 ], [ 121.602745674223783, 14.761405111288051 ], [ 121.601983349946352, 14.762118094394371 ], [ 121.60250890462622, 14.763062557061376 ], [ 121.603482475138193, 14.763644785328022 ], [ 121.603828171890527, 14.762452898566872 ], [ 121.604120065658705, 14.762112577837742 ], [ 121.603803947768569, 14.761795664448211 ] ] ], [ [ [ 121.660385286269289, 14.757874341162001 ], [ 121.659359357280465, 14.756600572725835 ], [ 121.658048206314263, 14.756870747861573 ], [ 121.657233777356637, 14.757090072665108 ], [ 121.654278887904468, 14.757891536789584 ], [ 121.655052652441427, 14.759053933162365 ], [ 121.653853261237742, 14.758164257007341 ], [ 121.652124817219757, 14.760295348096681 ], [ 121.651837983327027, 14.761984232002282 ], [ 121.652928301680589, 14.76289487410016 ], [ 121.653866566687682, 14.762661651120752 ], [ 121.654478712756259, 14.76257275788311 ], [ 121.655656029729442, 14.761973536883998 ], [ 121.656038789056737, 14.760008017089405 ], [ 121.658055095210344, 14.759184685808158 ], [ 121.658770594456186, 14.758576918386892 ], [ 121.660385286269289, 14.757874341162001 ] ] ], [ [ [ 121.63286064599302, 14.758650382314546 ], [ 121.632846951322477, 14.753864739858081 ], [ 121.63211283186051, 14.753866727691515 ], [ 121.63212182879991, 14.754574310350876 ], [ 121.632405925418624, 14.757512493489179 ], [ 121.632412280582514, 14.757951789862885 ], [ 121.632572460859606, 14.758230629978362 ], [ 121.63286064599302, 14.758650382314546 ] ] ], [ [ [ 121.666777148578404, 14.737046228271048 ], [ 121.666385325899213, 14.73682258822959 ], [ 121.665952106787799, 14.737007088868337 ], [ 121.665951027438524, 14.737429241213517 ], [ 121.664281002832681, 14.739464206316025 ], [ 121.66219230055367, 14.738609486554724 ], [ 121.660486823198113, 14.739867205270881 ], [ 121.659170591686561, 14.741534332442761 ], [ 121.65934749097589, 14.742838891011894 ], [ 121.658011010315974, 14.744369790299771 ], [ 121.657387638042053, 14.745016699418315 ], [ 121.656112262868788, 14.745628800360929 ], [ 121.656941753699812, 14.7466737002974 ], [ 121.658018555224032, 14.746906471272027 ], [ 121.65983804623724, 14.747387555910432 ], [ 121.660609467926449, 14.747181431421374 ], [ 121.661645428021501, 14.749136219404186 ], [ 121.662115390903509, 14.749697725844902 ], [ 121.662125129052427, 14.749795648395814 ], [ 121.66166803860483, 14.753232086043653 ], [ 121.661704714842799, 14.753784752378126 ], [ 121.661349176445853, 14.754652959208979 ], [ 121.662242088977294, 14.755240071820648 ], [ 121.662437832643747, 14.75397682938828 ], [ 121.662750999861302, 14.753781784628991 ], [ 121.663247211830978, 14.75279512641324 ], [ 121.662461861259814, 14.749926100979117 ], [ 121.665126695312026, 14.750955425217938 ], [ 121.666426483647157, 14.750486234818554 ], [ 121.666856587204407, 14.750103898129693 ], [ 121.667701330400959, 14.749681820809467 ], [ 121.667701321113952, 14.749681820836026 ], [ 121.66686238065634, 14.749256420895211 ], [ 121.666422645072657, 14.749212497002876 ], [ 121.665572742816707, 14.74886184681454 ], [ 121.662330190636126, 14.749594927912007 ], [ 121.662870436546285, 14.746247418191437 ], [ 121.662551120125272, 14.745610626700502 ], [ 121.663033206606798, 14.744808973809683 ], [ 121.66405709690163, 14.743321539102531 ], [ 121.664768250423307, 14.741518473263836 ], [ 121.664302396434522, 14.73948491405033 ], [ 121.666387987320434, 14.737706563488551 ], [ 121.666583770182953, 14.737618231334434 ], [ 121.66688577706303, 14.737426575601946 ], [ 121.666777148578404, 14.737046228271048 ] ] ], [ [ [ 121.631843755191056, 14.745695687137426 ], [ 121.628698366375914, 14.74563261818702 ], [ 121.628624876039638, 14.745644808915708 ], [ 121.628574533835703, 14.745655491330925 ], [ 121.628498743290933, 14.745704706689988 ], [ 121.631843755191056, 14.745695687137426 ] ] ], [ [ [ 121.607608581057718, 14.737118649680982 ], [ 121.60710794891979, 14.737102271666535 ], [ 121.606966576728482, 14.737589809629755 ], [ 121.607245786312703, 14.737944368104975 ], [ 121.606840136672446, 14.74091806425405 ], [ 121.607035164635946, 14.741675536229538 ], [ 121.607164080214716, 14.742121133208594 ], [ 121.607629084217805, 14.744592608264437 ], [ 121.609094743482515, 14.743100503876287 ], [ 121.609076359469981, 14.741670228844942 ], [ 121.608155009430646, 14.741151618535607 ], [ 121.607839022025644, 14.73780995424878 ], [ 121.607740001743053, 14.737587801480009 ], [ 121.607697642800858, 14.737502260744154 ], [ 121.607608581057718, 14.737118649680982 ] ] ], [ [ [ 121.637752385500022, 14.741593763512943 ], [ 121.63739576068825, 14.741218614104348 ], [ 121.637009832982258, 14.741413181529129 ], [ 121.636951278549873, 14.741538612740923 ], [ 121.636902047480859, 14.741596082098782 ], [ 121.636902823041069, 14.741701025827126 ], [ 121.637010669168802, 14.741703768606909 ], [ 121.637147283471677, 14.741728295128468 ], [ 121.637752385500022, 14.741593763512943 ] ] ], [ [ [ 121.675628435651547, 14.707890892569029 ], [ 121.674690872021642, 14.706874770798596 ], [ 121.673671138998301, 14.707810783938458 ], [ 121.671443872631968, 14.707890026334981 ], [ 121.670497099284006, 14.708207323370347 ], [ 121.669732625301933, 14.708073693375534 ], [ 121.669063991916005, 14.708819297875921 ], [ 121.667740972053622, 14.71022042746166 ], [ 121.667975258572781, 14.711286015551698 ], [ 121.667582802998268, 14.71290939879291 ], [ 121.66734066790886, 14.71390700864653 ], [ 121.666319114497824, 14.714811662949721 ], [ 121.664784954523995, 14.715507996136452 ], [ 121.663874154703294, 14.717005821155988 ], [ 121.663472017802604, 14.718311551180415 ], [ 121.66213474484347, 14.719358125283168 ], [ 121.660967872702855, 14.71996247581278 ], [ 121.659780035636885, 14.721103266472342 ], [ 121.659287119641164, 14.722410167869665 ], [ 121.657946792426586, 14.722759153885942 ], [ 121.656068844702943, 14.723370079767422 ], [ 121.654925705807798, 14.725202782688603 ], [ 121.654746448339495, 14.726164578452451 ], [ 121.654040772702004, 14.729024857784211 ], [ 121.653985841954167, 14.729291288831723 ], [ 121.654303291811644, 14.729809914280036 ], [ 121.653776956506391, 14.732342589650438 ], [ 121.653482443343208, 14.733089790347913 ], [ 121.651361828879175, 14.731647074447334 ], [ 121.64957720503395, 14.731845888323727 ], [ 121.64791643869728, 14.731777959308973 ], [ 121.646471717313204, 14.732335905406345 ], [ 121.645379969495238, 14.732210350755617 ], [ 121.644700634857188, 14.732740297491777 ], [ 121.644276477941148, 14.73340411075675 ], [ 121.642719251351807, 14.734897222097448 ], [ 121.641192362233525, 14.735903153336878 ], [ 121.640397051093231, 14.736724347902211 ], [ 121.640127405041866, 14.737501388995756 ], [ 121.639893948512096, 14.738773714395787 ], [ 121.641204208128954, 14.739993666185796 ], [ 121.642415492758062, 14.740403335990495 ], [ 121.644070201995078, 14.740278897141547 ], [ 121.645404167850216, 14.740512384595759 ], [ 121.646968740009726, 14.739009446925566 ], [ 121.648352130007908, 14.737478722959793 ], [ 121.648535111215622, 14.736450900976365 ], [ 121.649589724057876, 14.736113677710541 ], [ 121.651162190579427, 14.734918786288254 ], [ 121.653612134908698, 14.733542062264211 ], [ 121.653780197705345, 14.733440451613907 ], [ 121.653822777918009, 14.733419112053589 ], [ 121.654009152867602, 14.733377089719697 ], [ 121.656573813676445, 14.732006955542953 ], [ 121.657975342882906, 14.73237136427749 ], [ 121.659797556944824, 14.731052204720688 ], [ 121.659960239514504, 14.729274504151215 ], [ 121.660453798254792, 14.727613132988592 ], [ 121.662154652466654, 14.726020068862155 ], [ 121.6626961775045, 14.725708840943636 ], [ 121.663490879594249, 14.72517864285439 ], [ 121.665051773448823, 14.723914113667067 ], [ 121.666345896585682, 14.723719392029698 ], [ 121.667905095789294, 14.722600997516317 ], [ 121.66907584170059, 14.721076864659654 ], [ 121.669754392260458, 14.720316427335336 ], [ 121.670533293876218, 14.720174166348562 ], [ 121.672052605182856, 14.718466215156312 ], [ 121.672504493616586, 14.716981175541298 ], [ 121.673231668390528, 14.715533202004979 ], [ 121.674713698106203, 14.71437626918855 ], [ 121.676534968241299, 14.71465550722721 ], [ 121.677368742180875, 14.714383004495922 ], [ 121.678914478338044, 14.715306141027362 ], [ 121.680526671700633, 14.714443828878098 ], [ 121.680131598956351, 14.712873265508453 ], [ 121.679791565425148, 14.712010759368377 ], [ 121.678903023502514, 14.711565965456121 ], [ 121.67719357270974, 14.71045646559342 ], [ 121.675752824927727, 14.708800084620762 ], [ 121.675628435651547, 14.707890892569029 ] ] ], [ [ [ 121.605207582036968, 14.731187572029542 ], [ 121.602471761972126, 14.728539064114189 ], [ 121.602288856110391, 14.729430089312878 ], [ 121.602496162986313, 14.730301013365533 ], [ 121.603399358724943, 14.73315100476781 ], [ 121.605207582036968, 14.731187572029542 ] ] ], [ [ [ 121.537412308017608, 14.728421670068608 ], [ 121.536209669860668, 14.726638823561393 ], [ 121.535234713236164, 14.728639358757599 ], [ 121.537775329072431, 14.731100362812223 ], [ 121.538622053177946, 14.729585165090949 ], [ 121.537412308017608, 14.728421670068608 ] ] ], [ [ [ 121.68823974467395, 14.728327790052061 ], [ 121.687341461742605, 14.725322111185761 ], [ 121.685520782423765, 14.727422643678176 ], [ 121.684170056769332, 14.728214330465788 ], [ 121.683154335117791, 14.728893515444835 ], [ 121.682713655197574, 14.728780621316783 ], [ 121.682447861768125, 14.729209944383681 ], [ 121.682606115453481, 14.729745586226018 ], [ 121.68315752746561, 14.729928135325469 ], [ 121.683673722875582, 14.72970939735883 ], [ 121.685888771270299, 14.730629708655476 ], [ 121.687357448955822, 14.730472106721582 ], [ 121.687870673765772, 14.729695881843615 ], [ 121.687950990058582, 14.729193812777396 ], [ 121.68823974467395, 14.728327790052061 ] ] ], [ [ [ 121.674781274661399, 14.729232199798568 ], [ 121.674780180697468, 14.729211461536806 ], [ 121.674758889188453, 14.729215083826741 ], [ 121.674750521991967, 14.72922411851901 ], [ 121.674739282822301, 14.729232320998046 ], [ 121.674744322238936, 14.729246576911446 ], [ 121.674759009782747, 14.729254659372135 ], [ 121.674776805142201, 14.729249546922329 ], [ 121.674781274661399, 14.729232199798568 ] ] ], [ [ [ 121.659898245201035, 14.694606876286372 ], [ 121.65786130593132, 14.693935796343816 ], [ 121.656375933436706, 14.695148230859745 ], [ 121.6550733300312, 14.696601226489884 ], [ 121.654506441118329, 14.697413104745472 ], [ 121.653674141881808, 14.697469310888559 ], [ 121.652116648873601, 14.698127384629261 ], [ 121.650869772322636, 14.697967675385055 ], [ 121.65086174393025, 14.69935587296108 ], [ 121.650120275707152, 14.700700900085913 ], [ 121.650387861292288, 14.701575541548594 ], [ 121.650662990675798, 14.70364802022959 ], [ 121.651226580695749, 14.704783714576434 ], [ 121.650783867736791, 14.706033053093087 ], [ 121.649501676944425, 14.706068515449223 ], [ 121.647591181091272, 14.706655021182048 ], [ 121.6472252625381, 14.706663280905374 ], [ 121.645309817817818, 14.708112775614982 ], [ 121.644860166220766, 14.708448608590993 ], [ 121.644751456450862, 14.708887508406065 ], [ 121.643696289841969, 14.710467556406334 ], [ 121.643595941074182, 14.711299410843369 ], [ 121.64302873935587, 14.71112097390977 ], [ 121.641122362873816, 14.711705546266261 ], [ 121.639477026952491, 14.711387335235418 ], [ 121.638171743970176, 14.711777611330511 ], [ 121.636921529827973, 14.710690233472981 ], [ 121.636198307649835, 14.712288407005197 ], [ 121.635851278483074, 14.712997735854767 ], [ 121.636049920524172, 14.713854379766488 ], [ 121.636931862930183, 14.714289110094166 ], [ 121.638374747635808, 14.715676276036964 ], [ 121.638826134972447, 14.717075530219772 ], [ 121.638767480080276, 14.718849514786029 ], [ 121.63850542430788, 14.719645757075508 ], [ 121.6384131448402, 14.721162538196472 ], [ 121.639420355561683, 14.722847645396303 ], [ 121.639257665434585, 14.723398378375393 ], [ 121.639581198787994, 14.725245237063923 ], [ 121.640278190795442, 14.726105438147586 ], [ 121.641165544175593, 14.726637877778758 ], [ 121.642585331546087, 14.726618862131394 ], [ 121.644858822288001, 14.725719563291999 ], [ 121.645361021756443, 14.725706040801185 ], [ 121.645542239093814, 14.72540608549941 ], [ 121.645585255630181, 14.725228746438352 ], [ 121.645650785478679, 14.724944393035331 ], [ 121.645357619728799, 14.72453786348334 ], [ 121.643749216583444, 14.722708145734115 ], [ 121.642848741299645, 14.721150395966145 ], [ 121.642442561811066, 14.719889620637284 ], [ 121.642627216223843, 14.718510627265339 ], [ 121.642395184419797, 14.717065762926081 ], [ 121.643236507654962, 14.715025926591609 ], [ 121.645325794838072, 14.713604888633666 ], [ 121.645634817856205, 14.713272677882955 ], [ 121.646091129097272, 14.712969704035951 ], [ 121.64779366386702, 14.711287690536313 ], [ 121.649517036652199, 14.711314819239449 ], [ 121.651004895686455, 14.710321211633531 ], [ 121.653572229596676, 14.708863055846383 ], [ 121.653490957795341, 14.708652921048486 ], [ 121.653707115873019, 14.708663741354089 ], [ 121.654805452674495, 14.705850850212201 ], [ 121.655457989423738, 14.704771911159058 ], [ 121.656500329602736, 14.703416924078281 ], [ 121.65788592910188, 14.702244461319896 ], [ 121.659167656740607, 14.701924122597214 ], [ 121.660000967500395, 14.700673271961683 ], [ 121.660787178999684, 14.699417318593365 ], [ 121.662072865328767, 14.698628936120134 ], [ 121.663470611449185, 14.69794013221696 ], [ 121.664158337336389, 14.696575651342064 ], [ 121.66327994228773, 14.695393794317823 ], [ 121.66206252000525, 14.695160124106318 ], [ 121.660055706580295, 14.694635353485776 ], [ 121.659898245201035, 14.694606876286372 ] ] ], [ [ [ 121.679226338737479, 14.725133468902731 ], [ 121.679754973795781, 14.724340867141921 ], [ 121.678943094989009, 14.724645246075122 ], [ 121.678756607643066, 14.724952416935412 ], [ 121.678435176678221, 14.725135765728373 ], [ 121.678419021321218, 14.725648871093428 ], [ 121.678946458664072, 14.725742551833259 ], [ 121.679337025086042, 14.725513948778453 ], [ 121.679226338737479, 14.725133468902731 ] ] ], [ [ [ 121.607953433061795, 14.724961472626537 ], [ 121.607574978773613, 14.724860482078133 ], [ 121.607576266655059, 14.725330514698987 ], [ 121.607896904570197, 14.725640915697168 ], [ 121.608230043668399, 14.725328816954402 ], [ 121.607953433061795, 14.724961472626537 ] ] ], [ [ [ 121.691474246220821, 14.704379828114899 ], [ 121.691047352667624, 14.704254435118395 ], [ 121.687418135761277, 14.704542901531275 ], [ 121.687276571492561, 14.70439808208207 ], [ 121.686920375575625, 14.70433521322677 ], [ 121.686481262681667, 14.704683014002399 ], [ 121.684867379283048, 14.706422528228506 ], [ 121.684903571374548, 14.707005224624318 ], [ 121.684367815174568, 14.708775054227784 ], [ 121.684437631114406, 14.71008037545211 ], [ 121.684551792397201, 14.711447854263746 ], [ 121.684623102137408, 14.71286016744962 ], [ 121.684526569474315, 14.714240029290917 ], [ 121.683114067284237, 14.715835950283562 ], [ 121.681533660014907, 14.715418085324371 ], [ 121.680716927543074, 14.716957424841244 ], [ 121.680377369737826, 14.718373067748406 ], [ 121.680572960021181, 14.719441870138381 ], [ 121.680382972190884, 14.721044247458369 ], [ 121.681250926510032, 14.72287618318207 ], [ 121.683136405033579, 14.723080970794701 ], [ 121.685051694842286, 14.723252912194374 ], [ 121.686807821231866, 14.724594161200258 ], [ 121.687339880178556, 14.72481252861704 ], [ 121.689189397426659, 14.722824543039394 ], [ 121.689509094896835, 14.721017519201286 ], [ 121.68987238892089, 14.719411751957818 ], [ 121.689769003031842, 14.718633880064285 ], [ 121.689980779674187, 14.716930284021595 ], [ 121.691015924600734, 14.716444509958446 ], [ 121.691512005965734, 14.71648501472999 ], [ 121.693095407275209, 14.715376589055886 ], [ 121.693823595927157, 14.715087178177983 ], [ 121.693798732532954, 14.714687860755673 ], [ 121.694532572556014, 14.712830961709525 ], [ 121.694618930729177, 14.711783152986667 ], [ 121.695111038980698, 14.709304421204196 ], [ 121.695168482438433, 14.708743221160084 ], [ 121.694840549043647, 14.707924110761578 ], [ 121.694713398814841, 14.705595470426763 ], [ 121.693439481011922, 14.704662505344636 ], [ 121.693439490296981, 14.704662505317129 ], [ 121.691860277174598, 14.704291175976827 ], [ 121.691474246220821, 14.704379828114899 ] ] ], [ [ [ 121.630440851887712, 14.711149614131203 ], [ 121.628524117458227, 14.710120007363161 ], [ 121.62768044444222, 14.712192916105023 ], [ 121.627753353680774, 14.713019583725533 ], [ 121.627859525599021, 14.713675954288684 ], [ 121.628542643849912, 14.716659151433705 ], [ 121.629796664270629, 14.715877307165 ], [ 121.631280155388509, 14.715677229456775 ], [ 121.631020696973678, 14.714679349485662 ], [ 121.631608422299507, 14.7130092181962 ], [ 121.630440851887712, 14.711149614131203 ] ] ], [ [ [ 121.701187037349968, 14.705916902529751 ], [ 121.703587949459745, 14.704632219383514 ], [ 121.698342437129426, 14.704647928965672 ], [ 121.698594745376198, 14.705892806071711 ], [ 121.699879569383171, 14.707500982607987 ], [ 121.701187037349968, 14.705916902529751 ] ] ], [ [ [ 121.603328533382125, 14.704906102428538 ], [ 121.603322536950245, 14.704903370375497 ], [ 121.603318817745787, 14.704908332653629 ], [ 121.603314983533906, 14.704911975711179 ], [ 121.603316642682415, 14.704917737547435 ], [ 121.603322585932162, 14.704921400629294 ], [ 121.60332701034713, 14.704916264818138 ], [ 121.603328734947539, 14.704911940318459 ], [ 121.603328533382125, 14.704906102428538 ] ] ], [ [ [ 121.637133391163928, 14.680597324271986 ], [ 121.636834860890801, 14.680465623192513 ], [ 121.636400187627231, 14.680732946313475 ], [ 121.633988423970465, 14.681627398696154 ], [ 121.63331230707351, 14.683755600885195 ], [ 121.632927748985225, 14.684404374671303 ], [ 121.633155743539845, 14.684895928475267 ], [ 121.63265164859888, 14.685424858454374 ], [ 121.630620593832148, 14.686516376575751 ], [ 121.629752670480059, 14.687239885278252 ], [ 121.628462280062237, 14.68826997238928 ], [ 121.628341171022697, 14.688384407612286 ], [ 121.628376897640422, 14.688502507723157 ], [ 121.625210804121025, 14.689428653828291 ], [ 121.624271933314347, 14.69080926906461 ], [ 121.622399986562456, 14.69078225953468 ], [ 121.621049583511549, 14.691661002446128 ], [ 121.620076529160855, 14.691571464120663 ], [ 121.619920369048444, 14.692456511902149 ], [ 121.619979757484202, 14.692610765201682 ], [ 121.620034001561805, 14.692654961092801 ], [ 121.620079732018098, 14.692719288516457 ], [ 121.62158814835729, 14.695230966470547 ], [ 121.621361666988278, 14.696693018462705 ], [ 121.621744741024685, 14.698297525335374 ], [ 121.621775774528231, 14.699144407839809 ], [ 121.622429388600295, 14.700776085699951 ], [ 121.622463678813759, 14.702568236382737 ], [ 121.624311118614941, 14.704750865584998 ], [ 121.624418608033892, 14.704752070410096 ], [ 121.627800206311832, 14.704159485406958 ], [ 121.62850725209455, 14.704164305054579 ], [ 121.629928250406437, 14.703456864574177 ], [ 121.631279269405738, 14.703452523796953 ], [ 121.631235735443084, 14.702177162290761 ], [ 121.63194100324867, 14.700750632771413 ], [ 121.632317812698716, 14.700383208167914 ], [ 121.632689225737749, 14.698620821643171 ], [ 121.633711296600808, 14.697657492858534 ], [ 121.634031023457936, 14.696659096222778 ], [ 121.633568663554016, 14.695796482459574 ], [ 121.632679824717783, 14.695320713839314 ], [ 121.632099437529817, 14.693137304055012 ], [ 121.631795455594045, 14.692579228827748 ], [ 121.631487837555937, 14.691430545787883 ], [ 121.632663093647935, 14.68944542606781 ], [ 121.633417559345645, 14.689223970997876 ], [ 121.634615742521675, 14.688485709603407 ], [ 121.635758216274752, 14.687415202961427 ], [ 121.63685551362083, 14.687674320615129 ], [ 121.638259615406284, 14.68710745205308 ], [ 121.639360069401945, 14.686827294162436 ], [ 121.641047191439327, 14.685670159758764 ], [ 121.642154987278488, 14.687391665674994 ], [ 121.641846103977812, 14.688466032029854 ], [ 121.642055302599829, 14.689436202810743 ], [ 121.641996940598148, 14.691643793764895 ], [ 121.64235561098296, 14.692550534378491 ], [ 121.642237303829589, 14.693686793325989 ], [ 121.64177364559518, 14.695959797057924 ], [ 121.641688978380799, 14.696638256522208 ], [ 121.642409166635034, 14.697927567607922 ], [ 121.64267212257397, 14.699177722719359 ], [ 121.644102310998477, 14.699566358745306 ], [ 121.645286959712308, 14.700251277008 ], [ 121.646253326293703, 14.699769605292865 ], [ 121.648484303600512, 14.699733210272875 ], [ 121.648464633192489, 14.697604926631515 ], [ 121.64896127730384, 14.696618232298357 ], [ 121.648950293293083, 14.69610991797148 ], [ 121.648916401413615, 14.693065139572695 ], [ 121.648904687750886, 14.692532497544809 ], [ 121.649208662092107, 14.692285685169301 ], [ 121.649460942227691, 14.692144865469945 ], [ 121.651330663810498, 14.690701658741146 ], [ 121.651610685317394, 14.690536267503589 ], [ 121.651620514013956, 14.690417900249884 ], [ 121.652477781818718, 14.688436688617742 ], [ 121.652234420803055, 14.687065710474213 ], [ 121.649852798421279, 14.684760553411126 ], [ 121.649438712995405, 14.684540375481111 ], [ 121.64928640090838, 14.684507827562625 ], [ 121.645414049873338, 14.684538498184613 ], [ 121.645241241224994, 14.684513315519222 ], [ 121.644933154628262, 14.684672025029398 ], [ 121.644180098449652, 14.684373743359737 ], [ 121.64229883863608, 14.683153420871248 ], [ 121.641037454426808, 14.682293983577695 ], [ 121.64003474552878, 14.681272401209824 ], [ 121.637133391163928, 14.680597324271986 ] ] ], [ [ [ 121.527968732973946, 14.700796508466356 ], [ 121.527744961316145, 14.697923720976727 ], [ 121.527560178935985, 14.700822063894327 ], [ 121.52757561679897, 14.701008571283788 ], [ 121.527595302402773, 14.701161674119152 ], [ 121.527756190869283, 14.702658303517124 ], [ 121.527947101488166, 14.701196944680722 ], [ 121.527990924257494, 14.701007637923961 ], [ 121.527968732973946, 14.700796508466356 ] ] ], [ [ [ 121.574235979240825, 14.69650175289499 ], [ 121.573915856613326, 14.696406454817945 ], [ 121.573644390797753, 14.696549970549547 ], [ 121.573916908337466, 14.696813904852284 ], [ 121.572803556606516, 14.697903063057087 ], [ 121.572186205914562, 14.699213428265196 ], [ 121.572460698425047, 14.700903393651 ], [ 121.573181947084436, 14.701629114714397 ], [ 121.573929671841327, 14.701757621156931 ], [ 121.574578798018351, 14.701530619700911 ], [ 121.573927456830376, 14.700899810078372 ], [ 121.576408786003796, 14.698472366274054 ], [ 121.574939160345053, 14.696811402496142 ], [ 121.574235979240825, 14.69650175289499 ] ] ], [ [ [ 121.528109482947102, 14.692835443735236 ], [ 121.528114013950116, 14.692463596408068 ], [ 121.527732899407269, 14.692836289857143 ], [ 121.527550254951819, 14.692659322237574 ], [ 121.527495059113704, 14.692836823930683 ], [ 121.527474987267368, 14.693088502125018 ], [ 121.527740769759163, 14.696156044910062 ], [ 121.52804772121641, 14.693141325544767 ], [ 121.528109482947102, 14.692835443735236 ] ] ], [ [ [ 121.562285696076046, 14.691807570200627 ], [ 121.56130848431556, 14.690715912286144 ], [ 121.559597155570529, 14.691095772761006 ], [ 121.561313637598332, 14.692758436807789 ], [ 121.562310800479452, 14.693724311845935 ], [ 121.562895549987971, 14.692754649470663 ], [ 121.562285696076046, 14.691807570200627 ] ] ], [ [ [ 121.663616547438664, 14.689933301370484 ], [ 121.66204239603664, 14.688409874175699 ], [ 121.660336198006419, 14.688414686393436 ], [ 121.660717725726087, 14.689706826204558 ], [ 121.662047683648055, 14.690183852583219 ], [ 121.663616547438664, 14.689933301370484 ] ] ], [ [ [ 121.550853124990795, 14.684611302933725 ], [ 121.549141848782426, 14.684184879821885 ], [ 121.548700738251142, 14.684616339141417 ], [ 121.547450233550052, 14.684619255938673 ], [ 121.547475446819149, 14.685814799887991 ], [ 121.548704878660729, 14.686296334930155 ], [ 121.550140935431074, 14.686011555358455 ], [ 121.550853124990795, 14.684611302933725 ] ] ], [ [ [ 121.613431365998608, 14.682099066164234 ], [ 121.611650638446307, 14.680374883614306 ], [ 121.61136102799675, 14.680375638062023 ], [ 121.611441442429808, 14.680579619430974 ], [ 121.611660197856779, 14.683850937187239 ], [ 121.613431365998608, 14.682099066164234 ] ] ], [ [ [ 121.625136316323662, 14.677132272345021 ], [ 121.625999122168437, 14.67625113993858 ], [ 121.624231072908017, 14.676255848192101 ], [ 121.624235548307269, 14.677850660084966 ], [ 121.625136316323662, 14.677132272345021 ] ] ] ] } },
{ "type": "Feature", "properties": { "FID": 0, "Count": 639, "Length": 86547.912355099994, "Area": 15903234.2326, "RangeMin": "0", "RangeMax": "Max", "Name": "{0, Max}", "layer": "Hour_7", "path": "C:/Users/Justine/OneDrive/Documents/PLAN/NOV21-0600.shp" }, "geometry": { "type": "MultiPolygon", "coordinates": [ [ [ [ 121.612306930423316, 14.80673713988886 ], [ 121.611997693144801, 14.805985727379898 ], [ 121.611343512343197, 14.806400938040051 ], [ 121.612000611130796, 14.807036767334312 ], [ 121.612002014128223, 14.807542088179442 ], [ 121.612651379787934, 14.807666474643936 ], [ 121.614591834794624, 14.807029943400035 ], [ 121.612306930423316, 14.80673713988886 ] ] ], [ [ [ 121.616215591384616, 14.798816754577514 ], [ 121.616177374844469, 14.798806579792108 ], [ 121.616136523852475, 14.79881435178846 ], [ 121.61604650198835, 14.798854355681678 ], [ 121.616127176393078, 14.798903244146835 ], [ 121.616177604698521, 14.798888849307012 ], [ 121.616199899261716, 14.798875676651654 ], [ 121.616177507358202, 14.79885400925655 ], [ 121.616215591384616, 14.798816754577514 ] ] ], [ [ [ 121.649944117367355, 14.765815411885052 ], [ 121.64967599325557, 14.765485542603345 ], [ 121.649079287266062, 14.765497117497025 ], [ 121.647598605893918, 14.766081901778032 ], [ 121.645841587073022, 14.766438779680637 ], [ 121.645479583580979, 14.766352567781414 ], [ 121.645255574535966, 14.766306236602762 ], [ 121.641291755349101, 14.770185181382208 ], [ 121.639186337694127, 14.768148027216222 ], [ 121.636682282290636, 14.765725072621553 ], [ 121.636165734499116, 14.766113348465986 ], [ 121.633527083890456, 14.766746449281941 ], [ 121.632883469257706, 14.766622164840543 ], [ 121.631176647075435, 14.768546564985911 ], [ 121.630443777106876, 14.770214744360826 ], [ 121.630324871966209, 14.771796896921515 ], [ 121.628705682294665, 14.774065596526347 ], [ 121.628681003031389, 14.774280778213928 ], [ 121.628673215301532, 14.774305399801591 ], [ 121.628676196948263, 14.774334818496721 ], [ 121.628706713365148, 14.774427842577515 ], [ 121.628876351660494, 14.774469799249932 ], [ 121.631863526326384, 14.775313439296562 ], [ 121.632909039977065, 14.775547844180037 ], [ 121.63367493542944, 14.775038524732432 ], [ 121.634595037274266, 14.774289366100986 ], [ 121.635573816389552, 14.772801421343345 ], [ 121.637096608256229, 14.771534604041433 ], [ 121.638634570465982, 14.771688540452503 ], [ 121.639733188344024, 14.771710320788827 ], [ 121.641296732364111, 14.771899470357534 ], [ 121.642742509844709, 14.771588870216707 ], [ 121.643958144201278, 14.771673400004365 ], [ 121.645494535009135, 14.771469439267365 ], [ 121.646470805333649, 14.771121840249764 ], [ 121.645490748038313, 14.77017360146615 ], [ 121.647584263197189, 14.768124870709199 ], [ 121.649677729848861, 14.766076122234312 ], [ 121.649822222771704, 14.766215921207721 ], [ 121.649820194345622, 14.766075725526788 ], [ 121.649944117367355, 14.765815411885052 ] ] ], [ [ [ 121.595143668338196, 14.774363909642783 ], [ 121.595113350279405, 14.77432895664502 ], [ 121.595068190472517, 14.774349515144515 ], [ 121.595113523790644, 14.7743933953102 ], [ 121.595090151131629, 14.774416266158141 ], [ 121.595113806885962, 14.774498530651924 ], [ 121.595141107466048, 14.774420094781764 ], [ 121.595150908716761, 14.774393299998742 ], [ 121.595143668338196, 14.774363909642783 ] ] ], [ [ [ 121.582666892055485, 14.77018133569673 ], [ 121.582504861948024, 14.770139217194297 ], [ 121.582309142203869, 14.770149312400315 ], [ 121.581559012997758, 14.77034164331565 ], [ 121.582399257987191, 14.770443086169696 ], [ 121.582505808499491, 14.770498547292968 ], [ 121.582659518589523, 14.770488493456545 ], [ 121.583465863988962, 14.770336887309361 ], [ 121.582666892055485, 14.77018133569673 ] ] ], [ [ [ 121.644126800553622, 14.762005640193264 ], [ 121.642147114760775, 14.761153246992158 ], [ 121.641265735452848, 14.761219213811957 ], [ 121.641268039845926, 14.762013511445685 ], [ 121.644521273797722, 14.765161294493605 ], [ 121.643851011851467, 14.763583259167975 ], [ 121.644126800553622, 14.762005640193264 ] ] ], [ [ [ 121.603807662214692, 14.761792030712581 ], [ 121.603473725462294, 14.760438036899179 ], [ 121.602737740192225, 14.761397431604401 ], [ 121.601971981865901, 14.76211812369155 ], [ 121.602498103891492, 14.763073122928651 ], [ 121.603482542590214, 14.763669503370203 ], [ 121.603832297254158, 14.762456891620518 ], [ 121.604126743474396, 14.762112560566036 ], [ 121.603807662214692, 14.761792030712581 ] ] ], [ [ [ 121.66043975664968, 14.757874187047305 ], [ 121.659385091771469, 14.756575375343134 ], [ 121.658048156138875, 14.756853892764783 ], [ 121.657215931340176, 14.757072806747603 ], [ 121.654118838575513, 14.757891985318944 ], [ 121.654622933019127, 14.758638176983089 ], [ 121.653852944774286, 14.758057269992602 ], [ 121.652067525920714, 14.760239917458568 ], [ 121.651758119659618, 14.761984455042883 ], [ 121.652891406305983, 14.762930983380183 ], [ 121.653866637447365, 14.762685564579886 ], [ 121.654498002783072, 14.762591429820626 ], [ 121.655700777122334, 14.761973411163481 ], [ 121.656070504211371, 14.760038701181989 ], [ 121.658055166706163, 14.759208698667729 ], [ 121.658786400905811, 14.758592219719599 ], [ 121.66043975664968, 14.757874187047305 ] ] ], [ [ [ 121.632860976030685, 14.758765693422569 ], [ 121.632846951322477, 14.753864739858081 ], [ 121.632007867423653, 14.753867011721546 ], [ 121.632024713214761, 14.754669333480251 ], [ 121.632320727863501, 14.75743003826973 ], [ 121.632333393260581, 14.757952003490166 ], [ 121.632522466843767, 14.758279541869122 ], [ 121.632860976030685, 14.758765693422569 ] ] ], [ [ [ 121.666793759656741, 14.737029967309841 ], [ 121.666385252598445, 14.736798240973755 ], [ 121.665930424592858, 14.736986110971326 ], [ 121.665927532631486, 14.737429308164664 ], [ 121.664261099454009, 14.739444949407288 ], [ 121.662192249205702, 14.738592324167506 ], [ 121.660478161578126, 14.739858824719127 ], [ 121.659159020493561, 14.74153436508576 ], [ 121.65933175086974, 14.742823652731259 ], [ 121.65801090656656, 14.744334905182352 ], [ 121.657369001404064, 14.744998676517982 ], [ 121.656061603096234, 14.745628942637305 ], [ 121.656911945577718, 14.746702876388744 ], [ 121.658018662273562, 14.746942458968057 ], [ 121.659897599188426, 14.747445174499232 ], [ 121.660501126837275, 14.747287478494121 ], [ 121.66129266912553, 14.748794926129101 ], [ 121.662045403978283, 14.749697924265096 ], [ 121.662061809441184, 14.749857627438905 ], [ 121.661637050235058, 14.75320210557164 ], [ 121.661677234058061, 14.753784830262539 ], [ 121.661303597790194, 14.754697571671787 ], [ 121.662242340465909, 14.755324021891713 ], [ 121.662446960658315, 14.753985669429186 ], [ 121.662778480639673, 14.753781706616952 ], [ 121.663306679734646, 14.752736917648368 ], [ 121.662607673519929, 14.750067180886823 ], [ 121.665080016242896, 14.751001107957489 ], [ 121.666426565685754, 14.750513455994424 ], [ 121.66687203030034, 14.750118847491446 ], [ 121.667741338801349, 14.749681706405472 ], [ 121.666877372188367, 14.749241755160796 ], [ 121.666422595641905, 14.749196093802427 ], [ 121.665540105972653, 14.748830271884634 ], [ 121.662397362228745, 14.749529178207482 ], [ 121.662919968126275, 14.746295339904272 ], [ 121.662577531892964, 14.745610551784196 ], [ 121.663089876061136, 14.744753502460156 ], [ 121.664065758795317, 14.743329919506403 ], [ 121.664776088364789, 14.741518450962586 ], [ 121.664314802261032, 14.739496907912928 ], [ 121.666388023946098, 14.73771872807794 ], [ 121.66659252504391, 14.737626692726529 ], [ 121.666907238125432, 14.737426514357413 ], [ 121.666793759656741, 14.737029967309841 ] ] ], [ [ [ 121.632773159432546, 14.74564424232863 ], [ 121.628751766616162, 14.745580363065269 ], [ 121.62862475319227, 14.745601554739457 ], [ 121.62853778644633, 14.745619927334278 ], [ 121.628405493480173, 14.745704957437397 ], [ 121.632823578584123, 14.745693035962454 ], [ 121.632893563830834, 14.74576076482275 ], [ 121.632888493989697, 14.745692860169799 ], [ 121.632888192971919, 14.745629813926749 ], [ 121.632823401312223, 14.745631037757802 ], [ 121.632773159432546, 14.74564424232863 ] ] ], [ [ [ 121.607608563757211, 14.737112341374004 ], [ 121.607091579580313, 14.73708642577734 ], [ 121.606986431476145, 14.737589758110472 ], [ 121.60726006804542, 14.737930385775321 ], [ 121.606829875399129, 14.740908131276999 ], [ 121.607026769394409, 14.741675558021125 ], [ 121.607157393040509, 14.742127675826472 ], [ 121.60762921168984, 14.744639061956191 ], [ 121.609116253479627, 14.743121325039489 ], [ 121.609096669631171, 14.741670175945263 ], [ 121.608162159641836, 14.741144622798865 ], [ 121.607828779507642, 14.737800048374366 ], [ 121.607733631137449, 14.737587818031445 ], [ 121.60769372508274, 14.737506102929286 ], [ 121.607608563757211, 14.737112341374004 ] ] ], [ [ [ 121.637856387406146, 14.741593479720207 ], [ 121.637457279346904, 14.741158408863804 ], [ 121.637009757538351, 14.741386963349667 ], [ 121.636942757414275, 14.741530366460129 ], [ 121.636886250777948, 14.741596125141509 ], [ 121.636886366718869, 14.741717121633247 ], [ 121.637010712470158, 14.741718816268969 ], [ 121.637166151070303, 14.741746554087667 ], [ 121.637856387406146, 14.741593479720207 ] ] ], [ [ [ 121.675643590478288, 14.707876054162819 ], [ 121.67469078528336, 14.706846257191172 ], [ 121.673652085251774, 14.707792338650721 ], [ 121.671464693565241, 14.707869640881324 ], [ 121.670497055923406, 14.708192980698756 ], [ 121.669715983846388, 14.708057599685935 ], [ 121.669037974594545, 14.708819372232229 ], [ 121.667729862190555, 14.710209677198904 ], [ 121.667967518786455, 14.711293602177369 ], [ 121.667577064593942, 14.712909415160775 ], [ 121.667335536643861, 14.713902052554593 ], [ 121.666319081548693, 14.714800700337452 ], [ 121.664777467145058, 14.715500751109552 ], [ 121.663861646967433, 14.717005856640975 ], [ 121.663461047403501, 14.718300935897911 ], [ 121.662134682878829, 14.719337383975011 ], [ 121.660954602068102, 14.719949625563945 ], [ 121.659755103249566, 14.721103336783329 ], [ 121.65926772115769, 14.722391388001096 ], [ 121.65794671849919, 14.722734255264726 ], [ 121.656050321811946, 14.723352155748469 ], [ 121.654895257053425, 14.725202867939389 ], [ 121.654717327439641, 14.726136408148854 ], [ 121.653979428720675, 14.72908490402774 ], [ 121.65393594740155, 14.729291428358072 ], [ 121.654179002164256, 14.729689645022495 ], [ 121.653774357008686, 14.731462018911223 ], [ 121.653193619819191, 14.732810311640783 ], [ 121.651409442183578, 14.731600470003015 ], [ 121.649577075550354, 14.731801739549224 ], [ 121.647878163436459, 14.731740920424119 ], [ 121.646536860848968, 14.732272136057016 ], [ 121.645379805908249, 14.732154209014167 ], [ 121.644666699627493, 14.732707457667605 ], [ 121.644223842881615, 14.733404255776009 ], [ 121.642686172822408, 14.73486521110393 ], [ 121.641192167829033, 14.735836012768718 ], [ 121.640357472355191, 14.736686037027557 ], [ 121.640072335883062, 14.737501539772403 ], [ 121.639839719185943, 14.738826787622541 ], [ 121.64120445536723, 14.740079026589338 ], [ 121.64235780030593, 14.74045980844763 ], [ 121.644124990071163, 14.740331923963918 ], [ 121.645404288115216, 14.740553632297489 ], [ 121.646991901442632, 14.739031859556761 ], [ 121.648387103042012, 14.737478625955504 ], [ 121.648568544704844, 14.736483253535548 ], [ 121.649589877792323, 14.73616607781271 ], [ 121.651204406369928, 14.734959645581501 ], [ 121.653447933104701, 14.733702786549962 ], [ 121.653780382136574, 14.733502919583234 ], [ 121.653865515385306, 14.73346046647244 ], [ 121.654228161804397, 14.733376476972289 ], [ 121.656627019246613, 14.732058438405842 ], [ 121.657975439958747, 14.732404035217867 ], [ 121.659818762995286, 14.731072723670579 ], [ 121.659987624373329, 14.729274426860286 ], [ 121.660471586136168, 14.727630344720163 ], [ 121.662154733966688, 14.72604733530684 ], [ 121.6627133507602, 14.725725466797407 ], [ 121.663530660693013, 14.725178529997418 ], [ 121.665068751127819, 14.723930541074422 ], [ 121.666345951927838, 14.723737792574942 ], [ 121.667918003742727, 14.722613486870634 ], [ 121.669095713283895, 14.72107680782109 ], [ 121.669763565606146, 14.720325294139164 ], [ 121.670533322727664, 14.72018370100696 ], [ 121.672057038235025, 14.71847051338943 ], [ 121.672509860697289, 14.716981160114539 ], [ 121.673235104885165, 14.715536527017139 ], [ 121.674713717829491, 14.714382749138862 ], [ 121.676542316292611, 14.714662625736043 ], [ 121.677354253585563, 14.714397181342047 ], [ 121.678914539960147, 14.715326258678255 ], [ 121.68054363112428, 14.714460246162893 ], [ 121.680143252156384, 14.712873231638184 ], [ 121.679799795493551, 14.712002700980824 ], [ 121.67890298262661, 14.711552616947571 ], [ 121.677202358285101, 14.710447863428335 ], [ 121.675770309062017, 14.708800034145773 ], [ 121.675643590478288, 14.707876054162819 ] ] ], [ [ [ 121.603389222197222, 14.729427255193871 ], [ 121.602368365811571, 14.728438974848117 ], [ 121.602159396344774, 14.729430422407505 ], [ 121.602389078761448, 14.730405783658449 ], [ 121.603378910640274, 14.733492386673204 ], [ 121.603384511256394, 14.733513168122672 ], [ 121.603386952021737, 14.733526230433236 ], [ 121.603400492849573, 14.733567570391905 ], [ 121.603452263006986, 14.733563397006346 ], [ 121.603442746471188, 14.733513017948345 ], [ 121.603968176475433, 14.732957566195415 ], [ 121.605432191699563, 14.731405017999636 ], [ 121.603389222197222, 14.729427255193871 ] ] ], [ [ [ 121.537456897808028, 14.728378077658038 ], [ 121.536209490893981, 14.726564713517503 ], [ 121.53519090921246, 14.728596926610017 ], [ 121.537824830798414, 14.73114831252097 ], [ 121.538687308505175, 14.729585015109256 ], [ 121.537456897808028, 14.728378077658038 ] ] ], [ [ [ 121.688250567260951, 14.728317202230082 ], [ 121.687341240036645, 14.725250678348173 ], [ 121.685491890391162, 14.727394693642768 ], [ 121.684289486614844, 14.728097386294142 ], [ 121.68315421858847, 14.728855747479411 ], [ 121.682658376901983, 14.728727144341759 ], [ 121.682361454558375, 14.729210196630582 ], [ 121.682539317059295, 14.729810987873766 ], [ 121.683157799780503, 14.730016387095603 ], [ 121.683733425805585, 14.72976714496609 ], [ 121.685868616258659, 14.730649442735277 ], [ 121.687357494442608, 14.730486756592256 ], [ 121.68787709124679, 14.729702089886526 ], [ 121.687958428219716, 14.729193790885002 ], [ 121.688250567260951, 14.728317202230082 ] ] ], [ [ [ 121.674863995425994, 14.729231961022439 ], [ 121.674859378590369, 14.729133933864285 ], [ 121.674758697268274, 14.729152100959181 ], [ 121.674719656528495, 14.729194256810818 ], [ 121.674667528964562, 14.729232528080894 ], [ 121.674691279777022, 14.729298497687514 ], [ 121.674759257003629, 14.729335789691637 ], [ 121.674842447848746, 14.729313054840832 ], [ 121.674863995425994, 14.729231961022439 ] ] ], [ [ [ 121.659917649600274, 14.694587878611962 ], [ 121.65786123551311, 14.693912027365029 ], [ 121.656362906745997, 14.695135623587618 ], [ 121.655050043807549, 14.696601291585658 ], [ 121.654492716031172, 14.697399821494104 ], [ 121.653674101727916, 14.697455673090733 ], [ 121.652167634327142, 14.698077472030198 ], [ 121.650734050327301, 14.697836318554371 ], [ 121.650794963036816, 14.699421247508246 ], [ 121.650101650076252, 14.700700951768908 ], [ 121.650359479906911, 14.701548073381151 ], [ 121.650638131341765, 14.703672346504115 ], [ 121.651186246086354, 14.70478382671735 ], [ 121.650759135886261, 14.706009117650972 ], [ 121.650759145197952, 14.706009126662806 ], [ 121.649501605888005, 14.706044240347483 ], [ 121.647622364859927, 14.706624495929059 ], [ 121.6471964618257, 14.706635406834025 ], [ 121.645309689806368, 14.708068762278009 ], [ 121.644835602287131, 14.708424825686363 ], [ 121.644719598530017, 14.708887596112884 ], [ 121.64359046686269, 14.71057114840688 ], [ 121.64350749913504, 14.711213813659295 ], [ 121.643072470653038, 14.711078177703017 ], [ 121.641122276964637, 14.711675821432566 ], [ 121.639443021419311, 14.711354422322783 ], [ 121.63823131000774, 14.711719309294823 ], [ 121.636921262565579, 14.710597136546554 ], [ 121.636160084382169, 14.712251410967319 ], [ 121.635781117195734, 14.712997926362226 ], [ 121.635984325307703, 14.713918581211802 ], [ 121.636932092973865, 14.714369219878993 ], [ 121.638322430905689, 14.71572749086336 ], [ 121.638747030318754, 14.717075746079962 ], [ 121.63868250075943, 14.718767268440903 ], [ 121.638334183490542, 14.719813349688279 ], [ 121.63824042807839, 14.721163009282172 ], [ 121.639301468338488, 14.722964005470338 ], [ 121.639192183456203, 14.723335013072447 ], [ 121.639524823372852, 14.725245391165876 ], [ 121.640249836879519, 14.726133198258086 ], [ 121.641165661222885, 14.726678330251779 ], [ 121.642620792736281, 14.726653189355073 ], [ 121.644798430325793, 14.725778673672012 ], [ 121.645361174655676, 14.725758540408025 ], [ 121.645562307192137, 14.725425506377089 ], [ 121.645609984264794, 14.725228678197281 ], [ 121.645682277586587, 14.724913568886704 ], [ 121.645357396178397, 14.72446109782523 ], [ 121.643798098285899, 14.722660301176404 ], [ 121.642938628216925, 14.721150149027007 ], [ 121.642513518073997, 14.719820169845288 ], [ 121.642675396119799, 14.718557256112852 ], [ 121.642434806359205, 14.717065654185538 ], [ 121.643260932488687, 14.715049565409846 ], [ 121.645325905442476, 14.713642900955422 ], [ 121.64565297588544, 14.713290251350427 ], [ 121.646132848788454, 14.712969588901936 ], [ 121.647809642927811, 14.711303155041218 ], [ 121.649517074841143, 14.711327860548428 ], [ 121.651013267075726, 14.710329313257393 ], [ 121.653591023042097, 14.708863003389702 ], [ 121.653522748673694, 14.708683687050382 ], [ 121.653707201815735, 14.708692905788183 ], [ 121.654822679609552, 14.705867530838143 ], [ 121.65548430346135, 14.704771837515061 ], [ 121.656513366151245, 14.703429549362403 ], [ 121.657885997769796, 14.702267624760545 ], [ 121.659185116440995, 14.701941019153429 ], [ 121.660027958823719, 14.700673195912758 ], [ 121.660802748317508, 14.699432385713097 ], [ 121.66207293215578, 14.698651340388002 ], [ 121.663487391345257, 14.697956361589929 ], [ 121.66418715723141, 14.696575569645249 ], [ 121.663297680033935, 14.695376418836613 ], [ 121.662062461388871, 14.695140467269981 ], [ 121.6600272970107, 14.694607850425934 ], [ 121.659917649600274, 14.694587878611962 ] ] ], [ [ [ 121.679287969513211, 14.725133289868706 ], [ 121.679916417628235, 14.724182799220451 ], [ 121.678942773141912, 14.7245402475662 ], [ 121.678715962951884, 14.724913085560848 ], [ 121.678329335527451, 14.725136072791249 ], [ 121.678312671416862, 14.725752995147724 ], [ 121.678946854762685, 14.725871761983424 ], [ 121.679420168295579, 14.725594386310405 ], [ 121.679287969513211, 14.725133289868706 ] ] ], [ [ [ 121.607978308866635, 14.7249371325938 ], [ 121.607574891732853, 14.724828714567403 ], [ 121.607576266655059, 14.725330514698987 ], [ 121.607918906153927, 14.725662214792443 ], [ 121.608272156027795, 14.725328707532693 ], [ 121.607978308866635, 14.7249371325938 ] ] ], [ [ [ 121.687277447197502, 14.704680677906921 ], [ 121.686436052243025, 14.703866630561055 ], [ 121.686306991392215, 14.704683524969395 ], [ 121.684808939930875, 14.70636598790607 ], [ 121.684850758761471, 14.707056938975715 ], [ 121.684337480305729, 14.708775142925814 ], [ 121.684407698492407, 14.710051406931559 ], [ 121.684523677541563, 14.711475383859035 ], [ 121.684596081596922, 14.7128602465068 ], [ 121.684509097575912, 14.714223125774788 ], [ 121.683114012322775, 14.715818119156562 ], [ 121.681512584014655, 14.715397703542372 ], [ 121.680687241511819, 14.716957511218689 ], [ 121.680346998745478, 14.718343684290256 ], [ 121.680545121404165, 14.719469127359863 ], [ 121.680352830602345, 14.721044335140244 ], [ 121.681228290587086, 14.722898346176354 ], [ 121.683136472679479, 14.723102904965051 ], [ 121.685029799942839, 14.723274359401035 ], [ 121.686990625811504, 14.724770996848253 ], [ 121.687340197860863, 14.724914887972803 ], [ 121.689227985098071, 14.722861872230544 ], [ 121.68955673076654, 14.721017378743802 ], [ 121.689913406983877, 14.71945143271958 ], [ 121.689805153590086, 14.718598481468584 ], [ 121.690015776990265, 14.716930180785742 ], [ 121.691032307483937, 14.716460367804407 ], [ 121.691512053658542, 14.716500297234177 ], [ 121.693024774572223, 14.715445755484852 ], [ 121.693856697111343, 14.715119199751578 ], [ 121.693829142345379, 14.714658081932583 ], [ 121.694555006054358, 14.712830895111574 ], [ 121.694640175175422, 14.711803695724857 ], [ 121.695146020802767, 14.709270164058637 ], [ 121.695200349293827, 14.708743126493566 ], [ 121.694890869916264, 14.70797279171134 ], [ 121.694720461729005, 14.705588553743684 ], [ 121.693531885780899, 14.704662231585855 ], [ 121.687277447197502, 14.704680677906921 ] ] ], [ [ [ 121.630473946234176, 14.711117215128928 ], [ 121.62852393908679, 14.710057032849059 ], [ 121.627658023424246, 14.712171213308764 ], [ 121.627732916246941, 14.713019638506923 ], [ 121.627841764972075, 14.713693336292884 ], [ 121.628542865236241, 14.716737273045304 ], [ 121.629580823247991, 14.716088548238055 ], [ 121.631451009460449, 14.715842593090512 ], [ 121.631112036331714, 14.714589946059355 ], [ 121.631661414730985, 14.713009075263056 ], [ 121.630473946234176, 14.711117215128928 ] ] ], [ [ [ 121.701223071919657, 14.705951761153123 ], [ 121.703739165354278, 14.704631764753135 ], [ 121.698352167845968, 14.704647899933388 ], [ 121.698571696378693, 14.705915369539415 ], [ 121.699879773259397, 14.707565564904851 ], [ 121.701223071919657, 14.705951761153123 ] ] ], [ [ [ 121.603352157346436, 14.704882986236534 ], [ 121.603322444928253, 14.70486949699634 ], [ 121.603303996611189, 14.704893991683845 ], [ 121.603284982981805, 14.704912052922321 ], [ 121.603293055777883, 14.70494082652729 ], [ 121.60332268723532, 14.704958690266894 ], [ 121.603344633751817, 14.704933327984591 ], [ 121.603353201507147, 14.704911877345598 ], [ 121.603352157346436, 14.704882986236534 ] ] ], [ [ [ 121.63709473591102, 14.680559904487339 ], [ 121.636834802441186, 14.680445216105177 ], [ 121.636453894889584, 14.680680381667317 ], [ 121.63397132160928, 14.681610851586765 ], [ 121.633283753767515, 14.683783550402731 ], [ 121.632916607820761, 14.684404404729692 ], [ 121.633129591539614, 14.684870602967228 ], [ 121.632651396952113, 14.68533644277076 ], [ 121.630978504040172, 14.686040019017961 ], [ 121.630369660640596, 14.686273456350854 ], [ 121.628459229331284, 14.687191061798138 ], [ 121.627731393542959, 14.687794094110037 ], [ 121.627873780663847, 14.688503855061022 ], [ 121.625151723167193, 14.689371457656227 ], [ 121.624271244657763, 14.690564121543687 ], [ 121.622226980761937, 14.690614769744863 ], [ 121.621820340388169, 14.690906647389717 ], [ 121.620075285053986, 14.691125579988856 ], [ 121.619830789398463, 14.692369778212687 ], [ 121.619921496159336, 14.692610919211875 ], [ 121.619921486874645, 14.692610919236419 ], [ 121.620007325062048, 14.692681069431496 ], [ 121.620079907244701, 14.692782082471666 ], [ 121.621519313251653, 14.695298335681281 ], [ 121.621295753885931, 14.696693193136039 ], [ 121.621640503977758, 14.698196614972938 ], [ 121.621674946208699, 14.699243087439973 ], [ 121.622252314098645, 14.700776555849904 ], [ 121.622350533823507, 14.702678969224285 ], [ 121.62431133978157, 14.704829511525469 ], [ 121.624339214863056, 14.704829780691696 ], [ 121.627880045611832, 14.7042367611422 ], [ 121.628507467691989, 14.70424045653634 ], [ 121.629742042345811, 14.703639123187513 ], [ 121.631469759472665, 14.703636922752031 ], [ 121.631481089765828, 14.701937028134973 ], [ 121.632092580802379, 14.700750223994609 ], [ 121.632383658104445, 14.700446945432951 ], [ 121.632690858535767, 14.699193909692013 ], [ 121.634033492111413, 14.697969363637373 ], [ 121.634468338420632, 14.69665791295713 ], [ 121.633906042625426, 14.695466253009556 ], [ 121.632678046115061, 14.694696264470169 ], [ 121.632209183921859, 14.693029883710647 ], [ 121.631948559484513, 14.692578816241399 ], [ 121.631664118707192, 14.691601191805145 ], [ 121.632663720611092, 14.6896656382494 ], [ 121.63352027957599, 14.689323407046622 ], [ 121.634709673533706, 14.688485455412303 ], [ 121.6357791178811, 14.687435445087441 ], [ 121.63685553975381, 14.687683439631211 ], [ 121.63823710810793, 14.687129484063183 ], [ 121.639376055352201, 14.6868427683891 ], [ 121.641047297902546, 14.685707069607583 ], [ 121.642120629710561, 14.687425289764922 ], [ 121.641814601808306, 14.688466118252176 ], [ 121.64200748325797, 14.689389906882733 ], [ 121.64194459319809, 14.691695045500742 ], [ 121.642265392227245, 14.6925507815596 ], [ 121.642165424391465, 14.693617218930582 ], [ 121.641710047854588, 14.696022051375328 ], [ 121.641641189492375, 14.696638387354621 ], [ 121.642297658095984, 14.697819637374335 ], [ 121.642587645738573, 14.699260423664096 ], [ 121.644232871930143, 14.699692726836977 ], [ 121.645287098785971, 14.700299122339199 ], [ 121.646142315417521, 14.699878282782548 ], [ 121.648589009451698, 14.699834540582026 ], [ 121.648639423090799, 14.697433819743534 ], [ 121.649062054415595, 14.696617953207845 ], [ 121.649058973429888, 14.696215096259307 ], [ 121.649084104949409, 14.692900965911441 ], [ 121.649081225469459, 14.69253200878333 ], [ 121.649287321641197, 14.692361818005889 ], [ 121.649461295786651, 14.692265780203334 ], [ 121.650762098633408, 14.691258271411078 ], [ 121.651744587463128, 14.690665866758554 ], [ 121.651790055827249, 14.690251912096434 ], [ 121.652596139835524, 14.688436359208939 ], [ 121.652349373373269, 14.687176970427725 ], [ 121.649798479715457, 14.684707977805754 ], [ 121.649438674673164, 14.684527261840772 ], [ 121.649295769876133, 14.684498655441578 ], [ 121.64539882715404, 14.684523763374724 ], [ 121.645241207692251, 14.684501765383912 ], [ 121.644959299406793, 14.684646430567003 ], [ 121.644241597533295, 14.684373574447539 ], [ 121.642330316235984, 14.683122606355312 ], [ 121.641037322763779, 14.682248325249798 ], [ 121.640051873086847, 14.681255634651695 ], [ 121.63709473591102, 14.680559904487339 ] ] ], [ [ [ 121.527966185449998, 14.700798999613495 ], [ 121.527744660473658, 14.697796856747203 ], [ 121.527562477644764, 14.700824282051677 ], [ 121.527578021660247, 14.701008565881251 ], [ 121.527597395989758, 14.701159617814472 ], [ 121.527756163383273, 14.702646717004681 ], [ 121.527944514244581, 14.701194437963652 ], [ 121.52798771158588, 14.70100764514696 ], [ 121.527966185449998, 14.700798999613495 ] ] ], [ [ [ 121.574283305872171, 14.696455453758988 ], [ 121.573915697491657, 14.696344808149787 ], [ 121.573602438587841, 14.696509339582841 ], [ 121.573916908337466, 14.696813904852284 ], [ 121.572555380040882, 14.698145846519092 ], [ 121.572072393449261, 14.699103200192624 ], [ 121.572344903890837, 14.700903676164238 ], [ 121.573121569219666, 14.701688179837422 ], [ 121.573929860177842, 14.701830555972938 ], [ 121.574634490735107, 14.701584556612026 ], [ 121.573927456830376, 14.700899810078372 ], [ 121.576498743506676, 14.698384360840281 ], [ 121.575066261711356, 14.69681109105165 ], [ 121.574283305872171, 14.696455453758988 ] ] ], [ [ [ 121.528184495109642, 14.692835275122125 ], [ 121.528186212673489, 14.692392983717038 ], [ 121.527732899407269, 14.692836289857143 ], [ 121.527512453002515, 14.692622695168707 ], [ 121.527447400062442, 14.692836930920389 ], [ 121.527425261139314, 14.693137120146368 ], [ 121.527741271187722, 14.696367521473066 ], [ 121.528107830513918, 14.693199566217581 ], [ 121.528184495109642, 14.692835275122125 ] ] ], [ [ [ 121.562339553975363, 14.691754886105629 ], [ 121.561308267118179, 14.690629818204016 ], [ 121.559530951759513, 14.691031644248028 ], [ 121.561313637598332, 14.692758436807789 ], [ 121.562374222918834, 14.693785743842936 ], [ 121.562979800038349, 14.692754447460844 ], [ 121.562339553975363, 14.691754886105629 ] ] ], [ [ [ 121.663653523349183, 14.689969085403215 ], [ 121.66204239603664, 14.688409874175699 ], [ 121.660285653609449, 14.688414828759258 ], [ 121.660685111224126, 14.68973875797713 ], [ 121.662047811801159, 14.69022684458794 ], [ 121.663653523349183, 14.689969085403215 ] ] ], [ [ [ 121.550901970485086, 14.684611188412262 ], [ 121.5491588911284, 14.684168210301527 ], [ 121.548700738251142, 14.684616339141417 ], [ 121.547410904593292, 14.684619347564057 ], [ 121.547431719597327, 14.685857578626015 ], [ 121.548705105648523, 14.686388430342824 ], [ 121.550198945009555, 14.686067752577916 ], [ 121.550901970485086, 14.684611188412262 ] ] ], [ [ [ 121.613565567048752, 14.682229004108663 ], [ 121.611650638446307, 14.680374883614306 ], [ 121.611329155434547, 14.680375721069362 ], [ 121.611419405179674, 14.680601177737605 ], [ 121.611660769763105, 14.68405886808943 ], [ 121.613565567048752, 14.682229004108663 ] ] ], [ [ [ 121.625071308732871, 14.677069334692906 ], [ 121.625480343060687, 14.676252522824319 ], [ 121.624231072908017, 14.676255848192101 ], [ 121.624235712104337, 14.677909025594094 ], [ 121.625071308732871, 14.677069334692906 ] ] ], [ [ [ 121.638517523579196, 14.66971365990063 ], [ 121.636799317944465, 14.668050280842753 ], [ 121.636047225380395, 14.668786529019879 ], [ 121.636806025010898, 14.670393998225602 ], [ 121.638517523579196, 14.66971365990063 ] ] ] ] } },
{ "type": "Feature", "properties": { "FID": 0, "Count": 598, "Length": 81848.255579899997, "Area": 14673588.169900002, "RangeMin": "0", "RangeMax": "Max", "Name": "{0, Max}", "layer": "Hour_8", "path": "C:/Users/Justine/OneDrive/Documents/PLAN/NOV21-0700.shp" }, "geometry": { "type": "MultiPolygon", "coordinates": [ [ [ [ 121.612292996730716, 14.806750769212378 ], [ 121.611997852592239, 14.806043161506585 ], [ 121.611377436040954, 14.80643376427513 ], [ 121.612000611130796, 14.807036767334312 ], [ 121.61200188560214, 14.807495797454264 ], [ 121.612623305327887, 14.807639308896801 ], [ 121.615379290065604, 14.80702786387937 ], [ 121.612292996730716, 14.806750769212378 ] ] ], [ [ [ 121.620377934260688, 14.799149529157901 ], [ 121.620375395191047, 14.798246951133395 ], [ 121.619823906709456, 14.798307615810442 ], [ 121.616212034035115, 14.798820234460218 ], [ 121.616177424259291, 14.798824266427406 ], [ 121.616151836778783, 14.798829169261571 ], [ 121.616095316653627, 14.798854226606917 ], [ 121.616146093353365, 14.798884739151561 ], [ 121.616177567959141, 14.798875699560353 ], [ 121.616197039729698, 14.798872909642506 ], [ 121.620029411652254, 14.799182965541558 ], [ 121.620377934260688, 14.799149529157901 ] ] ], [ [ [ 121.649676949758131, 14.765810832714623 ], [ 121.649395022383672, 14.765802597905761 ], [ 121.648533945693146, 14.766079304038414 ], [ 121.645922722817048, 14.766517273234246 ], [ 121.645479738590979, 14.766405627535054 ], [ 121.64520236803763, 14.76635830516102 ], [ 121.641291755349101, 14.770185181382208 ], [ 121.639186337694127, 14.768148027216222 ], [ 121.636867989849677, 14.765904768392241 ], [ 121.636620026528021, 14.766112109708507 ], [ 121.633662244381696, 14.766877246369763 ], [ 121.632883793904881, 14.766735523742538 ], [ 121.631226326281151, 14.768594637677369 ], [ 121.630531343816969, 14.770214507763539 ], [ 121.630405678482177, 14.771875089633181 ], [ 121.628706357958748, 14.77430297876354 ], [ 121.628706113121865, 14.77430506713053 ], [ 121.628706039511428, 14.77430531134662 ], [ 121.628706068198966, 14.774305600475509 ], [ 121.628706368016907, 14.774306512474574 ], [ 121.628708059740632, 14.774306959800237 ], [ 121.631913366745508, 14.775264672489078 ], [ 121.632908891491525, 14.775496031528531 ], [ 121.633634232944857, 14.774999140613184 ], [ 121.634475072083205, 14.77428969242151 ], [ 121.635495624963951, 14.772725753955818 ], [ 121.637096284988729, 14.771422519582311 ], [ 121.638521543689862, 14.771579177576552 ], [ 121.639842014566483, 14.771603820580445 ], [ 121.641296450939393, 14.771802542055861 ], [ 121.642658718668173, 14.771507807185436 ], [ 121.64399960850686, 14.771632823881147 ], [ 121.645494453499069, 14.771441549243896 ], [ 121.64653729153774, 14.771186157827531 ], [ 121.645490748038313, 14.77017360146615 ], [ 121.647584263197189, 14.768124870709199 ], [ 121.649677729848861, 14.766076122234312 ], [ 121.649748267110937, 14.766144368080935 ], [ 121.649747248511503, 14.76607592866319 ], [ 121.649804718707557, 14.765951835093704 ], [ 121.649676949758131, 14.765810832714623 ] ] ], [ [ [ 121.595138767765391, 14.774368703102793 ], [ 121.595113378313698, 14.774339368053496 ], [ 121.595076376170965, 14.774357438453695 ], [ 121.595113523790644, 14.7743933953102 ], [ 121.59509467186453, 14.774411835177149 ], [ 121.595113760258883, 14.774481214455413 ], [ 121.59513652570719, 14.774415659893409 ], [ 121.595144574177723, 14.774393316148831 ], [ 121.595138767765391, 14.774368703102793 ] ] ], [ [ [ 121.582652208283818, 14.770195697185308 ], [ 121.582504909038065, 14.770157093774326 ], [ 121.58232661118025, 14.770166223690993 ], [ 121.581642883916857, 14.77034143445854 ], [ 121.582409031774105, 14.770433535993345 ], [ 121.582505771550174, 14.770484520775582 ], [ 121.582645699806022, 14.770475115890299 ], [ 121.583367420183308, 14.770337133230178 ], [ 121.582652208283818, 14.770195697185308 ] ] ], [ [ [ 121.643916056344722, 14.762006221659631 ], [ 121.642065902564866, 14.761232721822779 ], [ 121.64126596848682, 14.761299540108906 ], [ 121.641268039845926, 14.762013511445685 ], [ 121.643373405315501, 14.764050649324275 ], [ 121.644097922558615, 14.764751682830347 ], [ 121.643637260746502, 14.763792447393028 ], [ 121.643916056344722, 14.762006221659631 ] ] ], [ [ [ 121.603784041669869, 14.761815138008027 ], [ 121.603474011799037, 14.760542991452184 ], [ 121.60278323048513, 14.76144145455169 ], [ 121.60206003805034, 14.762117896743462 ], [ 121.602555164365057, 14.763017303247107 ], [ 121.603482266272223, 14.763568245254827 ], [ 121.603805561523316, 14.762431004348832 ], [ 121.604082227798941, 14.762112675699104 ], [ 121.603784041669869, 14.761815138008027 ] ] ], [ [ [ 121.65588029037653, 14.760005715090141 ], [ 121.653854073259737, 14.758438773861467 ], [ 121.652309665917201, 14.760474193127958 ], [ 121.6520589806413, 14.761983614664464 ], [ 121.653001370017975, 14.762823353445096 ], [ 121.653866414819632, 14.762610326655567 ], [ 121.654431787147232, 14.762527366773337 ], [ 121.655506472385525, 14.76197395701157 ], [ 121.65588029037653, 14.760005715090141 ] ] ], [ [ [ 121.659994316156343, 14.757875446968825 ], [ 121.659127292566851, 14.756827702800503 ], [ 121.658048760077136, 14.757056768480389 ], [ 121.657378278033946, 14.757229876076909 ], [ 121.654762425749823, 14.757890181028356 ], [ 121.656093127515874, 14.759797413351992 ], [ 121.658054420513963, 14.758958077434945 ], [ 121.6587432662091, 14.758550479024084 ], [ 121.659994316156343, 14.757875446968825 ] ] ], [ [ [ 121.632860393946402, 14.758562319657099 ], [ 121.632846951322477, 14.753864739858081 ], [ 121.632174582747837, 14.753866560573547 ], [ 121.632185612356622, 14.754511895058828 ], [ 121.632464654728338, 14.75756931714051 ], [ 121.632472026536689, 14.757951628052593 ], [ 121.632608969954219, 14.758194895424918 ], [ 121.632860393946402, 14.758562319657099 ] ] ], [ [ [ 121.662894533758958, 14.753140345219581 ], [ 121.662227140297063, 14.750249049662685 ], [ 121.6618819023643, 14.753438993528492 ], [ 121.661908029923751, 14.753784176053033 ], [ 121.661687311680282, 14.754321981994096 ], [ 121.662240480127039, 14.754703004638239 ], [ 121.662412786594672, 14.753952607232034 ], [ 121.662561179096713, 14.753782323400277 ], [ 121.662894533758958, 14.753140345219581 ] ] ], [ [ [ 121.666422902494816, 14.749297920170886 ], [ 121.665723008380255, 14.749007213951142 ], [ 121.662482970835882, 14.749696683369811 ], [ 121.665331273553676, 14.750755173491129 ], [ 121.666426117580485, 14.750364769809901 ], [ 121.666769349767463, 14.750019509633132 ], [ 121.667483253036792, 14.749682444279836 ], [ 121.66678497855878, 14.749332196699767 ], [ 121.666422902494816, 14.749297920170886 ] ] ], [ [ [ 121.664212790718182, 14.739556484985524 ], [ 121.66219270474194, 14.738744580479175 ], [ 121.660571930634376, 14.739949550931264 ], [ 121.659298757041341, 14.741533970842198 ], [ 121.659476848431979, 14.742964050113054 ], [ 121.658011779468069, 14.744628410120317 ], [ 121.657520711927731, 14.745145455156846 ], [ 121.656559564026594, 14.745627543648125 ], [ 121.65716041114591, 14.746459669700943 ], [ 121.65801785771572, 14.746671981876759 ], [ 121.65955182184311, 14.747110636833868 ], [ 121.661042312680806, 14.746757750233478 ], [ 121.662224278658115, 14.749293397531501 ], [ 121.662695632527459, 14.746078295362548 ], [ 121.66245982121832, 14.745610885644286 ], [ 121.662789499874094, 14.745047536694422 ], [ 121.663988751789546, 14.743255415000105 ], [ 121.664675950303476, 14.741518735864997 ], [ 121.664212790718182, 14.739556484985524 ] ] ], [ [ [ 121.607748601231464, 14.737452402636185 ], [ 121.60760755625202, 14.736744968344938 ], [ 121.606759835592243, 14.736765289360319 ], [ 121.606648585010888, 14.73759063452548 ], [ 121.607069737105491, 14.738116614686446 ], [ 121.606829242192362, 14.740907509315116 ], [ 121.607043392715582, 14.741675514871563 ], [ 121.607170193143716, 14.742115152422022 ], [ 121.607628935244747, 14.744538318901089 ], [ 121.609036396471836, 14.743044025333328 ], [ 121.609004377732035, 14.741670416313623 ], [ 121.608150202487877, 14.74115632162794 ], [ 121.607953310267902, 14.737920595644621 ], [ 121.607812511492952, 14.737587613080438 ], [ 121.607748601231464, 14.737452402636185 ] ] ], [ [ [ 121.65358237143063, 14.733378283181619 ], [ 121.651230304196744, 14.731775812153021 ], [ 121.649577579014704, 14.731973400105671 ], [ 121.648053922396869, 14.73191099280684 ], [ 121.646174112122054, 14.732627181531999 ], [ 121.645380921721454, 14.732537142319615 ], [ 121.644885025167653, 14.732918744556157 ], [ 121.644566992257211, 14.733403310121105 ], [ 121.642882800236279, 14.73505549259195 ], [ 121.641193402990965, 14.736262588992663 ], [ 121.640599759503573, 14.736920516276315 ], [ 121.640414572586067, 14.737500602532783 ], [ 121.640232770080033, 14.738442115215829 ], [ 121.641202463659212, 14.739391362437461 ], [ 121.642806421023778, 14.740020734792507 ], [ 121.643740449832336, 14.739959798807789 ], [ 121.645403499021455, 14.740282991699715 ], [ 121.646823783260288, 14.738869176419422 ], [ 121.648145514220516, 14.737479295939703 ], [ 121.648357448267276, 14.736278990768259 ], [ 121.649589028097722, 14.735876458341968 ], [ 121.651020158350818, 14.73478134805066 ], [ 121.65358237143063, 14.733378283181619 ] ] ], [ [ [ 121.666418296832745, 14.737397515520481 ], [ 121.666386996262872, 14.737377396563472 ], [ 121.666352194295911, 14.737394170288088 ], [ 121.666353382956004, 14.737428094285137 ], [ 121.666207120404508, 14.737604230574615 ], [ 121.666387215440579, 14.73745019431238 ], [ 121.666402776992427, 14.737443118635618 ], [ 121.66642586396442, 14.737427887601136 ], [ 121.666418296832745, 14.737397515520481 ] ] ], [ [ [ 121.605493923788657, 14.731464769599166 ], [ 121.60229222230825, 14.728365250881314 ], [ 121.602062197047943, 14.729430672449697 ], [ 121.602309279552728, 14.730483858428682 ], [ 121.603259887727376, 14.733377163835454 ], [ 121.60329694020183, 14.733513393919331 ], [ 121.603313144497065, 14.733598442673633 ], [ 121.603401279046508, 14.733856333905116 ], [ 121.603764462682562, 14.733865627804153 ], [ 121.603712378014251, 14.733512322443842 ], [ 121.605671643587428, 14.731636822470152 ], [ 121.605493923788657, 14.731464769599166 ] ] ], [ [ [ 121.675545375712716, 14.707972227296134 ], [ 121.674691436498577, 14.707060330666161 ], [ 121.673777582854314, 14.707913778207248 ], [ 121.671307911564952, 14.708023143576499 ], [ 121.670497378137441, 14.708299561118048 ], [ 121.669846340614342, 14.708183727140945 ], [ 121.670498937031425, 14.708815192346684 ], [ 121.669846340641641, 14.708183736178535 ], [ 121.66926174026753, 14.708818732624737 ], [ 121.667847861470463, 14.710323857034213 ], [ 121.668048360927699, 14.711214454439459 ], [ 121.667642861249149, 14.712909227478047 ], [ 121.667389838950982, 14.713954596414551 ], [ 121.666319394145319, 14.714904705070765 ], [ 121.664860768919752, 14.715581356524375 ], [ 121.664042735207829, 14.717005342819855 ], [ 121.66359731138327, 14.718432788839912 ], [ 121.662135350995058, 14.71956101955919 ], [ 121.661082698447714, 14.720073586047466 ], [ 121.660043659641701, 14.721102522871002 ], [ 121.659474529576983, 14.722591514009684 ], [ 121.657947519310824, 14.723003964718414 ], [ 121.65625029283089, 14.723545661171835 ], [ 121.655140927144046, 14.725202179995184 ], [ 121.654917746990108, 14.726330347178763 ], [ 121.654210665261729, 14.728858559067051 ], [ 121.654112718793897, 14.729290933981773 ], [ 121.654677782045155, 14.730172298669647 ], [ 121.654213789447624, 14.732953146814067 ], [ 121.656342486615713, 14.731783118027307 ], [ 121.657974770180701, 14.732178619283806 ], [ 121.659672490687512, 14.730931190633129 ], [ 121.659815412703452, 14.729274912856038 ], [ 121.660348803246578, 14.727511538684718 ], [ 121.662154132539911, 14.725846122138419 ], [ 121.662576561009899, 14.725593099913905 ], [ 121.663190348425374, 14.725179495225314 ], [ 121.664893777808558, 14.72376124772612 ], [ 121.66634533061071, 14.72353121120617 ], [ 121.66782240482965, 14.722520988134525 ], [ 121.668914120438089, 14.72107732716657 ], [ 121.669669531583111, 14.720234309987365 ], [ 121.670533001616292, 14.720077581614126 ], [ 121.671995013156575, 14.71841050068722 ], [ 121.672412519680563, 14.716981439885496 ], [ 121.673171972118098, 14.715475442299683 ], [ 121.674713436780337, 14.714290412105878 ], [ 121.676451457845346, 14.71457470793319 ], [ 121.677519552784062, 14.714235344352883 ], [ 121.678913993281924, 14.715147784566573 ], [ 121.680408347183516, 14.714329358590918 ], [ 121.680045365275376, 14.712873516130246 ], [ 121.679734473359076, 14.712066660458806 ], [ 121.678903266821592, 14.711645423876302 ], [ 121.677144941899201, 14.710504081154912 ], [ 121.675665989226346, 14.708800335287423 ], [ 121.675545375712716, 14.707972227296134 ] ] ], [ [ [ 121.537476649574927, 14.728358754616396 ], [ 121.536209455951948, 14.726550243983272 ], [ 121.53517363334204, 14.728580191786897 ], [ 121.537847468676546, 14.731170240627632 ], [ 121.538723599641713, 14.729584931690388 ], [ 121.537476649574927, 14.728358754616396 ] ] ], [ [ [ 121.68811492873931, 14.728450002900974 ], [ 121.687342635901103, 14.725700414208308 ], [ 121.685707723925347, 14.727603489861711 ], [ 121.683527040438989, 14.728843911868871 ], [ 121.683154937456223, 14.729088735787707 ], [ 121.682986358717699, 14.729044428805535 ], [ 121.682881039982803, 14.729208679328798 ], [ 121.682949827974554, 14.729409059792548 ], [ 121.6831561325114, 14.729476049467802 ], [ 121.683337617231501, 14.729384247854536 ], [ 121.686074536055003, 14.730447823272641 ], [ 121.687356871269714, 14.730286050651232 ], [ 121.687794176302063, 14.729621880875792 ], [ 121.687860608506753, 14.72919407877405 ], [ 121.68811492873931, 14.728450002900974 ] ] ], [ [ [ 121.659802371152793, 14.694700749765646 ], [ 121.657861805984652, 14.694104583204771 ], [ 121.656469345773871, 14.695238644558444 ], [ 121.655226770272421, 14.696600797494929 ], [ 121.654602581955118, 14.697506150561855 ], [ 121.65367443301885, 14.697568191700586 ], [ 121.652002956876387, 14.698238684158746 ], [ 121.650901700934853, 14.697998586068351 ], [ 121.651015322243452, 14.699205528654964 ], [ 121.650222373132166, 14.700700616756153 ], [ 121.650549499376694, 14.701731978456779 ], [ 121.650786213109683, 14.703527385952354 ], [ 121.651461448079459, 14.704783061443344 ], [ 121.650958527272977, 14.706202088058401 ], [ 121.649502089105837, 14.706209321883462 ], [ 121.647449513533942, 14.706880316418916 ], [ 121.64668866277708, 14.707538475409507 ], [ 121.645311291531343, 14.708619462199282 ], [ 121.645149914577047, 14.708729037267231 ], [ 121.645108031159751, 14.708886526435142 ], [ 121.644670321641058, 14.709514145092351 ], [ 121.644371696603045, 14.712050209566945 ], [ 121.642742045895375, 14.711401604984202 ], [ 121.641122734409038, 14.711834097811256 ], [ 121.639647362024576, 14.711552188084113 ], [ 121.637871089167561, 14.712071885493732 ], [ 121.636923256818093, 14.711291789082576 ], [ 121.636385271292482, 14.712469367549478 ], [ 121.636145322607234, 14.712996937211951 ], [ 121.63628940200023, 14.713619986341104 ], [ 121.636931028618363, 14.713998567516997 ], [ 121.638526456857008, 14.715527797287702 ], [ 121.639025015524652, 14.717074987396702 ], [ 121.6389955166199, 14.719070217086944 ], [ 121.638956086422041, 14.719204661399955 ], [ 121.638902016815109, 14.721161204097941 ], [ 121.639793091514576, 14.722482831406605 ], [ 121.63950222692759, 14.723635076696329 ], [ 121.639824455307348, 14.725244571965966 ], [ 121.6404072002411, 14.725979180668988 ], [ 121.641164969875206, 14.726439393144776 ], [ 121.642388796094536, 14.726428670084626 ], [ 121.645247674630511, 14.725338961697631 ], [ 121.645359947399214, 14.725337142713544 ], [ 121.645400505340461, 14.725268922680005 ], [ 121.645408598643925, 14.725229233863669 ], [ 121.645423080885536, 14.725167267552736 ], [ 121.645359183696911, 14.725074906758755 ], [ 121.643484056793568, 14.722967669916258 ], [ 121.642513048934902, 14.721151317878549 ], [ 121.642203747312237, 14.720123367763962 ], [ 121.642447626633626, 14.718336818905062 ], [ 121.642253234431678, 14.717066152445508 ], [ 121.642253243717349, 14.717066152420031 ], [ 121.642953111521791, 14.715292450118628 ], [ 121.642932319719108, 14.714731518050206 ], [ 121.64407652898943, 14.714192843058045 ], [ 121.645324850690315, 14.713280401134424 ], [ 121.645469151580869, 14.713112344702976 ], [ 121.645656624016908, 14.712970902695064 ], [ 121.647537105269137, 14.711039393144487 ], [ 121.649516184542662, 14.71102382542669 ], [ 121.650871586722928, 14.710192189372821 ], [ 121.653215414108047, 14.708864051508634 ], [ 121.652947832407989, 14.708127302899202 ], [ 121.653705539029531, 14.708128632268178 ], [ 121.654645493970818, 14.705696047688578 ], [ 121.655233224453752, 14.7047725400777 ], [ 121.656394817664662, 14.703314822594066 ], [ 121.657885419387554, 14.702072520445162 ], [ 121.659036108460427, 14.701796817137378 ], [ 121.659826568450882, 14.700673763260916 ], [ 121.66069246882661, 14.699325672298302 ], [ 121.662072453074231, 14.698490723747868 ], [ 121.663372213359565, 14.697844909501482 ], [ 121.663981555501991, 14.696576152393662 ], [ 121.663230024670909, 14.695442657853715 ], [ 121.662062757948263, 14.695239917305047 ], [ 121.660196292485011, 14.694771408738113 ], [ 121.659802371152793, 14.694700749765646 ] ] ], [ [ [ 121.607954970434861, 14.724959968365475 ], [ 121.607574885616458, 14.724826482255843 ], [ 121.607576266655059, 14.725330514698987 ], [ 121.60791723950824, 14.725660601361273 ], [ 121.608262396360871, 14.725328732892192 ], [ 121.607954970434861, 14.724959968365475 ] ] ], [ [ [ 121.679037741315511, 14.725134016665997 ], [ 121.679213638096044, 14.724870880681694 ], [ 121.67894411495493, 14.724977991386593 ], [ 121.678884763231039, 14.725076402987558 ], [ 121.678788255979143, 14.725134741036451 ], [ 121.678781158301675, 14.72529430331114 ], [ 121.678945222297401, 14.725339232150516 ], [ 121.67907478954865, 14.725260246405858 ], [ 121.679037741315511, 14.725134016665997 ] ] ], [ [ [ 121.687277447197502, 14.704680677906921 ], [ 121.686474356597472, 14.703903690125049 ], [ 121.686357864236157, 14.704683375822711 ], [ 121.684871467738489, 14.706426492835433 ], [ 121.684901544037217, 14.707007209802963 ], [ 121.684375791192991, 14.708775030905549 ], [ 121.684451405297864, 14.710093692821108 ], [ 121.684567141235433, 14.711432824934464 ], [ 121.684644486434465, 14.712860104880832 ], [ 121.684562118649097, 14.714274421994853 ], [ 121.683114401706717, 14.715944446319314 ], [ 121.681673760286699, 14.715553630607998 ], [ 121.680919966248752, 14.716956833957585 ], [ 121.680559260579884, 14.718549044024797 ], [ 121.680715059990746, 14.719302737701232 ], [ 121.680525490087405, 14.721043832820756 ], [ 121.681333684146111, 14.722795154532243 ], [ 121.683136179492379, 14.723007838818125 ], [ 121.685128970477805, 14.723177248586021 ], [ 121.686054699505476, 14.723865579567217 ], [ 121.687338432407785, 14.724346037093426 ], [ 121.687338432379732, 14.724346028055873 ], [ 121.688962826681461, 14.722605361166616 ], [ 121.689254776915632, 14.721018268908795 ], [ 121.6896622041792, 14.719208419463197 ], [ 121.689609810803688, 14.718789751694597 ], [ 121.689843278940145, 14.716930689573127 ], [ 121.690977831445039, 14.716407658545645 ], [ 121.691511900314097, 14.716451160051834 ], [ 121.693187600011527, 14.715286310065638 ], [ 121.69378998249482, 14.715054661048509 ], [ 121.693766832306807, 14.71471909905439 ], [ 121.694511281160359, 14.712831024914919 ], [ 121.694601523460022, 14.711766304285586 ], [ 121.695101828364145, 14.709313441012815 ], [ 121.695162159207513, 14.708743239943907 ], [ 121.6948349609698, 14.707918713807297 ], [ 121.694681759175552, 14.705626454988902 ], [ 121.693475079875114, 14.704662399883642 ], [ 121.687277447197502, 14.704680677906921 ] ] ], [ [ [ 121.630327392008866, 14.711260658931479 ], [ 121.62852459659247, 14.710289165510197 ], [ 121.627752307161103, 14.712262467757862 ], [ 121.627823626510249, 14.713019395349383 ], [ 121.62791966909856, 14.713617092904155 ], [ 121.628541774683043, 14.716352440052784 ], [ 121.630556952118454, 14.715133208579019 ], [ 121.630702182692019, 14.715117787681335 ], [ 121.630677247605846, 14.715015475372677 ], [ 121.631411300106251, 14.713009749775077 ], [ 121.630327392008866, 14.711260658931479 ] ] ], [ [ [ 121.701159105676666, 14.705889882362259 ], [ 121.703820947840086, 14.704631518833118 ], [ 121.698385361845538, 14.70464780089366 ], [ 121.698647304413157, 14.705841333499571 ], [ 121.699878415216233, 14.707135368716564 ], [ 121.701159105676666, 14.705889882362259 ] ] ], [ [ [ 121.6373546722578, 14.680811532575348 ], [ 121.63683520698271, 14.680586457008248 ], [ 121.636059001210199, 14.681066939805826 ], [ 121.634159624896526, 14.681793140367601 ], [ 121.633604228103067, 14.683469852224421 ], [ 121.633045613219721, 14.684404056645901 ], [ 121.633363730595676, 14.685097261418239 ], [ 121.632652460166824, 14.685709997447823 ], [ 121.630794292377686, 14.686220329677397 ], [ 121.630415847649175, 14.686318168547619 ], [ 121.628458351946719, 14.686880752636874 ], [ 121.627591045661958, 14.687658225407969 ], [ 121.627723195585915, 14.688504258112998 ], [ 121.625171413737164, 14.689390529082134 ], [ 121.624271122820844, 14.690520749637061 ], [ 121.622223610582154, 14.690611507013857 ], [ 121.621777266069273, 14.690948805280607 ], [ 121.62007592261061, 14.691354080244446 ], [ 121.619857704241937, 14.692395835270114 ], [ 121.619936277359244, 14.692610880140073 ], [ 121.62001379742405, 14.692674734919873 ], [ 121.620079858267943, 14.692764531253941 ], [ 121.621501284977441, 14.69531597095752 ], [ 121.62127976538568, 14.696693235503625 ], [ 121.621599157361842, 14.698156578864932 ], [ 121.621627860861793, 14.699289169322014 ], [ 121.622152342350276, 14.700776821224865 ], [ 121.622340607356847, 14.702688684059863 ], [ 121.624311101230731, 14.704744683807998 ], [ 121.624424339849597, 14.704746469804862 ], [ 121.627884794100481, 14.704241366707704 ], [ 121.628507488903807, 14.704247948772061 ], [ 121.629688494706429, 14.703691523338003 ], [ 121.631523036009156, 14.703688484097913 ], [ 121.631673433900389, 14.70174876867903 ], [ 121.632223304252122, 14.700749871377942 ], [ 121.632447315527514, 14.700508564712182 ], [ 121.632692090539479, 14.699626308225737 ], [ 121.634225646035389, 14.698155364722236 ], [ 121.634704655610776, 14.696657273198415 ], [ 121.634103573444037, 14.695272907522522 ], [ 121.632676760005467, 14.694244705872812 ], [ 121.63227989450337, 14.692960671741092 ], [ 121.632044757748204, 14.692578556953391 ], [ 121.631773291405167, 14.691706883413861 ], [ 121.632663894709381, 14.689726787211166 ], [ 121.633465274477771, 14.689270160594397 ], [ 121.634426534243531, 14.688486221513381 ], [ 121.635591851029346, 14.687254167357159 ], [ 121.636855075475751, 14.687521430232461 ], [ 121.638498325813003, 14.686873782113997 ], [ 121.639224119061595, 14.68669568655641 ], [ 121.641046666843877, 14.68548828566354 ], [ 121.642205028331219, 14.687342670626498 ], [ 121.64186401369922, 14.688465983008538 ], [ 121.64205773267075, 14.68943855500641 ], [ 121.641979710576067, 14.691660660172429 ], [ 121.642294211720881, 14.692550702603841 ], [ 121.642203840779814, 14.693654403383814 ], [ 121.641814226286357, 14.695920073556435 ], [ 121.641744696491614, 14.696638103969406 ], [ 121.642504995537152, 14.698020321231768 ], [ 121.642698398927934, 14.69915201061653 ], [ 121.643953872843099, 14.699422687265031 ], [ 121.645286708177849, 14.700164741486867 ], [ 121.64635876340283, 14.699666392875585 ], [ 121.648459758928851, 14.699709445734742 ], [ 121.648584539147592, 14.697487547265228 ], [ 121.649059036858844, 14.696617961565245 ], [ 121.649060314241311, 14.696216393977851 ], [ 121.649125433612795, 14.692860498027652 ], [ 121.649126543686791, 14.692531883293876 ], [ 121.649307247245886, 14.692381103544578 ], [ 121.649461385848383, 14.692296580517906 ], [ 121.650705865000191, 14.691313313600595 ], [ 121.651736635799324, 14.690658161612882 ], [ 121.651786482266601, 14.690255419630256 ], [ 121.65259734681247, 14.688436355849422 ], [ 121.652339876207904, 14.687167769334092 ], [ 121.651542845652443, 14.686396347064008 ], [ 121.649893486258676, 14.684799935540344 ], [ 121.649438818401663, 14.684576444770206 ], [ 121.649250119295687, 14.684543346869948 ], [ 121.645543224245799, 14.684663523201969 ], [ 121.645241571411205, 14.684627045489442 ], [ 121.644707757473938, 14.684892668420558 ], [ 121.64343469124131, 14.684375789385459 ], [ 121.642125693162555, 14.683322918763736 ], [ 121.641038046733641, 14.682499382787315 ], [ 121.639934303920867, 14.681370725720679 ], [ 121.6373546722578, 14.680811532575348 ] ] ], [ [ [ 121.527945073422103, 14.700819644428266 ], [ 121.527745749860046, 14.698256241361483 ], [ 121.527581397964383, 14.700842613580448 ], [ 121.527595087818653, 14.70100852754133 ], [ 121.52761257928141, 14.701144770600044 ], [ 121.527755754225922, 14.702474238841416 ], [ 121.527925789303609, 14.701176295823425 ], [ 121.527964805051582, 14.70100769664605 ], [ 121.527945073422103, 14.700819644428266 ] ] ], [ [ [ 121.574294651317913, 14.69644436368746 ], [ 121.573915659303495, 14.696330013310892 ], [ 121.573591259378333, 14.696498503432284 ], [ 121.573916908337466, 14.696813904852284 ], [ 121.572414009200344, 14.698284153950647 ], [ 121.572007887025066, 14.699040716232611 ], [ 121.572270270222134, 14.700903858223363 ], [ 121.573083910605575, 14.701725019650469 ], [ 121.573929978221273, 14.701876269020952 ], [ 121.574669760654601, 14.701618723582444 ], [ 121.573927456830376, 14.700899810078372 ], [ 121.576527982226537, 14.698355756575557 ], [ 121.57508364309453, 14.696811048455551 ], [ 121.574294651317913, 14.69644436368746 ] ] ], [ [ [ 121.528221820136295, 14.692835191213526 ], [ 121.528216439052358, 14.692363425111738 ], [ 121.527732899407269, 14.692836289857143 ], [ 121.527547872553853, 14.692657013884835 ], [ 121.5274213189645, 14.692836989465656 ], [ 121.527399953454179, 14.693161877527126 ], [ 121.527740783945347, 14.696162027964286 ], [ 121.528137145324521, 14.693227969697958 ], [ 121.528221820136295, 14.692835191213526 ] ] ], [ [ [ 121.562369701421105, 14.69172539569132 ], [ 121.561308155875167, 14.6905857227779 ], [ 121.559500041791722, 14.691001712214305 ], [ 121.562410392526616, 14.693820778284179 ], [ 121.563021275128804, 14.69275434800308 ], [ 121.562369701421105, 14.69172539569132 ] ] ], [ [ [ 121.66204239603664, 14.688409874175699 ], [ 121.66078234387895, 14.687190410252517 ], [ 121.660761730928527, 14.688413487380171 ], [ 121.660951785185119, 14.68947766598663 ], [ 121.662047037366392, 14.689967039843053 ], [ 121.663482490103959, 14.689803574085829 ], [ 121.66204239603664, 14.688409874175699 ] ] ], [ [ [ 121.550321915125494, 14.684612547726402 ], [ 121.549139227595333, 14.684187443666476 ], [ 121.548700738251142, 14.684616339141417 ], [ 121.547401796541678, 14.684619368782307 ], [ 121.547432673590563, 14.685856636464122 ], [ 121.548705141111355, 14.686402818556388 ], [ 121.549995022811927, 14.685870201204429 ], [ 121.550321915125494, 14.684612547726402 ] ] ], [ [ [ 121.612603988746159, 14.681297966571115 ], [ 121.612817185157141, 14.680371841052356 ], [ 121.611470414108751, 14.680375353148927 ], [ 121.611521609720072, 14.68050115236518 ], [ 121.611656638828606, 14.682556888754466 ], [ 121.612603988746159, 14.681297966571115 ] ] ] ] } },
{ "type": "Feature", "properties": { "FID": 0, "Count": 557, "Length": 77696.467629100021, "Area": 13853155.180600001, "RangeMin": "0", "RangeMax": "Max", "Name": "{0, Max}", "layer": "Hour_9", "path": "C:/Users/Justine/OneDrive/Documents/PLAN/NOV21-0800.shp" }, "geometry": { "type": "MultiPolygon", "coordinates": [ [ [ [ 121.612242431519007, 14.806800238913398 ], [ 121.611998276994356, 14.806196032984831 ], [ 121.611473385552458, 14.806526600635523 ], [ 121.612000611130796, 14.807036767334312 ], [ 121.61200144364355, 14.807336617729552 ], [ 121.612414926757481, 14.807437683799446 ], [ 121.614594426574996, 14.807029936560042 ], [ 121.612242431519007, 14.806800238913398 ] ] ], [ [ [ 121.620378022485113, 14.799180889696389 ], [ 121.620375238737452, 14.798191333620514 ], [ 121.619776085793376, 14.798261343534389 ], [ 121.616208560060855, 14.798823632783114 ], [ 121.616177433425165, 14.798827547085876 ], [ 121.616154677706021, 14.798831927282833 ], [ 121.616104615127398, 14.798854202018903 ], [ 121.61614978966405, 14.798881123336924 ], [ 121.616177560838551, 14.79887315094966 ], [ 121.616194934692331, 14.798870881728755 ], [ 121.619997266326962, 14.799214411866423 ], [ 121.620378022485113, 14.799180889696389 ] ] ], [ [ [ 121.637081341736092, 14.766240297675211 ], [ 121.637002475612078, 14.766187660556227 ], [ 121.633755130014563, 14.766967118016598 ], [ 121.632883981323062, 14.766800965168283 ], [ 121.63126644968591, 14.768633472569707 ], [ 121.630600399659031, 14.770214321157511 ], [ 121.630473846218479, 14.77194105231726 ], [ 121.62916518560661, 14.77385638239087 ], [ 121.629047758657066, 14.774304390201735 ], [ 121.631961669602092, 14.77521741009309 ], [ 121.632908766368374, 14.775452370806322 ], [ 121.633607659911945, 14.774973428276606 ], [ 121.634433832887055, 14.774289804582956 ], [ 121.635470234917548, 14.772701195427672 ], [ 121.637096094736066, 14.771356554054698 ], [ 121.638449694671522, 14.77150965754284 ], [ 121.639897335333529, 14.771549695832574 ], [ 121.641296280379962, 14.771743797630208 ], [ 121.642589895549065, 14.771441217396394 ], [ 121.644075090703765, 14.771558949423794 ], [ 121.645494222255536, 14.771362425084266 ], [ 121.646580156455229, 14.771227630369438 ], [ 121.645490748038313, 14.77017360146615 ], [ 121.647584263197189, 14.768124870709199 ], [ 121.649247798423161, 14.766496874548588 ], [ 121.646258722979368, 14.766842376929752 ], [ 121.645480393515768, 14.766629805217432 ], [ 121.645016066372321, 14.766540622062461 ], [ 121.641291755349101, 14.770185181382208 ], [ 121.639186337694127, 14.768148027216222 ], [ 121.637176397886321, 14.766203191523743 ], [ 121.637081341736092, 14.766240297675211 ] ] ], [ [ [ 121.595132107062156, 14.774375218221248 ], [ 121.595113417055614, 14.774353756041593 ], [ 121.595086238098133, 14.774366975245444 ], [ 121.595113523790644, 14.7743933953102 ], [ 121.595099618758468, 14.774406996411217 ], [ 121.595113698689886, 14.774458349122822 ], [ 121.595130519109063, 14.774409836825136 ], [ 121.595136456308097, 14.774393336845328 ], [ 121.595132107062156, 14.774375218221248 ] ] ], [ [ [ 121.582646232868285, 14.770201541450126 ], [ 121.58250492803603, 14.770164305862727 ], [ 121.582333669517638, 14.770173047679705 ], [ 121.581677481831576, 14.770341348293222 ], [ 121.582412904222195, 14.770429748551084 ], [ 121.5825057566705, 14.77047887221026 ], [ 121.582640112697277, 14.770469707170536 ], [ 121.583325549753852, 14.770337237813276 ], [ 121.582646232868285, 14.770201541450126 ] ] ], [ [ [ 121.643637466436175, 14.7620069900247 ], [ 121.64198017079859, 14.761316619445417 ], [ 121.641266206870924, 14.761381710078165 ], [ 121.641268039845926, 14.762013511445685 ], [ 121.6433210608309, 14.764000001858706 ], [ 121.643637466436175, 14.7620069900247 ] ] ], [ [ [ 121.603765126704488, 14.761833641966119 ], [ 121.603474285661662, 14.760643372939301 ], [ 121.602829158496789, 14.761485910171192 ], [ 121.602170746804489, 14.762117611365071 ], [ 121.602616152320834, 14.762957632379301 ], [ 121.603481984555373, 14.763465007887632 ], [ 121.603784822988217, 14.762410939950824 ], [ 121.604047417710731, 14.76211276572416 ], [ 121.603765126704488, 14.761833641966119 ] ] ], [ [ [ 121.655692762263214, 14.760189263688343 ], [ 121.653855338016157, 14.758866333283933 ], [ 121.652525326244131, 14.760682857499924 ], [ 121.652343876302226, 14.761982818519982 ], [ 121.653137180761789, 14.762690445078 ], [ 121.65386614857718, 14.762520348423754 ], [ 121.654357933772431, 14.762455905199893 ], [ 121.655330334080531, 14.761974451684642 ], [ 121.655692762263214, 14.760189263688343 ] ] ], [ [ [ 121.659743752377295, 14.757876155307288 ], [ 121.659019575892458, 14.75693314201771 ], [ 121.658048936675925, 14.757116091189856 ], [ 121.657440953420547, 14.75729051399604 ], [ 121.65529568813831, 14.757888684674564 ], [ 121.656366889732666, 14.759529472293856 ], [ 121.658054164862094, 14.758872211351237 ], [ 121.658664494948994, 14.758474269838727 ], [ 121.659743752377295, 14.757876155307288 ] ] ], [ [ [ 121.632859215087151, 14.758150429704287 ], [ 121.632846951322477, 14.753864739858081 ], [ 121.632579692324683, 14.753865463806319 ], [ 121.632576370358422, 14.75412951833732 ], [ 121.632738911629517, 14.757834716387944 ], [ 121.632737238010321, 14.757950909592514 ], [ 121.632779512426026, 14.758028022187014 ], [ 121.632859215087151, 14.758150429704287 ] ] ], [ [ [ 121.66251095362496, 14.753515800834425 ], [ 121.662233175177505, 14.752264186460492 ], [ 121.662062756850617, 14.753613964946164 ], [ 121.662074131242889, 14.753783705082856 ], [ 121.661962264019465, 14.75405285644174 ], [ 121.662239025406762, 14.754217370297653 ], [ 121.662318041874798, 14.753860944987158 ], [ 121.662374218777373, 14.753782853900342 ], [ 121.66251095362496, 14.753515800834425 ] ] ], [ [ [ 121.666423159591858, 14.749383234887345 ], [ 121.665882932989931, 14.749161934523885 ], [ 121.663516550098663, 14.749693748955757 ], [ 121.665663063025448, 14.750430390654028 ], [ 121.66642546634975, 14.750148681387333 ], [ 121.666681935372324, 14.74993493181494 ], [ 121.667259705618164, 14.749683083175288 ], [ 121.666705002144113, 14.749410474222115 ], [ 121.666423159591858, 14.749383234887345 ] ] ], [ [ [ 121.664174299189341, 14.739594173005498 ], [ 121.662192909325299, 14.738812958899251 ], [ 121.660608980050469, 14.739985398046429 ], [ 121.659349954460865, 14.741533826376013 ], [ 121.659549075947609, 14.743033933355008 ], [ 121.658012282612859, 14.744797584859324 ], [ 121.657607468984892, 14.745229405897584 ], [ 121.656805201206012, 14.745626853151398 ], [ 121.657305654762595, 14.746317514224492 ], [ 121.658017323046579, 14.746492233180765 ], [ 121.659264927522983, 14.746833050472 ], [ 121.661575013895771, 14.746236323314847 ], [ 121.662219051485323, 14.747547589290217 ], [ 121.662469099289467, 14.745859123926307 ], [ 121.662343215674468, 14.745611216310861 ], [ 121.662527291559599, 14.745304190989369 ], [ 121.663950350758725, 14.743218261859447 ], [ 121.66463443892998, 14.741518853956141 ], [ 121.664174299189341, 14.739594173005498 ] ] ], [ [ [ 121.607856251071468, 14.737347077121894 ], [ 121.607605897718315, 14.736140184232399 ], [ 121.60628059257634, 14.736301367639905 ], [ 121.606106414751139, 14.737592039950451 ], [ 121.606759344093987, 14.738420293246326 ], [ 121.60683609545643, 14.740914143318026 ], [ 121.60708376231139, 14.741675410078249 ], [ 121.60720213782318, 14.742083898278773 ], [ 121.607628403192535, 14.744344424442355 ], [ 121.608934005244706, 14.742944903894957 ], [ 121.608901303893404, 14.741670684719328 ], [ 121.608127427394052, 14.741178604678781 ], [ 121.60817493141009, 14.738135127059904 ], [ 121.607966046798779, 14.737587214079975 ], [ 121.607856251071468, 14.737347077121894 ] ] ], [ [ [ 121.653033270316797, 14.733379817543698 ], [ 121.651008728648591, 14.731992692068275 ], [ 121.649578159912693, 14.732171459547294 ], [ 121.648237578862577, 14.732088716153726 ], [ 121.645897915254153, 14.73289752108016 ], [ 121.645381721621362, 14.7328116512028 ], [ 121.645047829000305, 14.733076292582469 ], [ 121.644830724711369, 14.733402582978487 ], [ 121.643051545830886, 14.735218791704682 ], [ 121.641194589464547, 14.736672337131273 ], [ 121.640827212025599, 14.737140620773094 ], [ 121.640748971429304, 14.737499686268814 ], [ 121.640593815640472, 14.738088773222412 ], [ 121.641200836555981, 14.738829556276514 ], [ 121.643118088450748, 14.739715704717675 ], [ 121.643457728748018, 14.739686219904627 ], [ 121.645402923430183, 14.740085573903109 ], [ 121.64672919128175, 14.738777642312735 ], [ 121.648000031590058, 14.737479699276529 ], [ 121.648206960645723, 14.736133358973687 ], [ 121.649588304177882, 14.735629704282401 ], [ 121.650830211154926, 14.734597553233829 ], [ 121.653033270316797, 14.733379817543698 ] ] ], [ [ [ 121.605865164484683, 14.731824153285947 ], [ 121.602235380089496, 14.728310221560159 ], [ 121.601989578483526, 14.72943085923208 ], [ 121.602250282190397, 14.730541580822246 ], [ 121.603168984213212, 14.733289162494417 ], [ 121.603230597929993, 14.733513564956805 ], [ 121.603257416032704, 14.733652966570441 ], [ 121.603401850760932, 14.734066315793667 ], [ 121.604084028294096, 14.734174987994475 ], [ 121.603960817907634, 14.73351168132435 ], [ 121.605865164484683, 14.731824153285947 ] ] ], [ [ [ 121.67543194117647, 14.708083293198053 ], [ 121.674692049921291, 14.707261977446612 ], [ 121.673902782534697, 14.708034911265846 ], [ 121.671189577346738, 14.708139002468831 ], [ 121.670497611664373, 14.708376805486447 ], [ 121.669939009691603, 14.708273395918523 ], [ 121.669438671041121, 14.708818226736307 ], [ 121.667933406601634, 14.710406633093045 ], [ 121.668099808421232, 14.711164085211442 ], [ 121.667677198820201, 14.712909129523869 ], [ 121.667422209853527, 14.713985910034854 ], [ 121.666319614252018, 14.7149779367659 ], [ 121.664909902587965, 14.715628908773818 ], [ 121.664121198728921, 14.717005120142939 ], [ 121.663667669181535, 14.718500868970455 ], [ 121.662135745687138, 14.719693131295671 ], [ 121.66117108548103, 14.720159112950121 ], [ 121.660205706217909, 14.721102065639109 ], [ 121.659587437600806, 14.722700768580166 ], [ 121.657947942143238, 14.723146370367518 ], [ 121.656356345689687, 14.723648284843502 ], [ 121.655323591799728, 14.725201668314691 ], [ 121.655087602394161, 14.726494709928799 ], [ 121.654532338146311, 14.728543680654791 ], [ 121.654374282125303, 14.729290202220376 ], [ 121.655403101907723, 14.730874148941819 ], [ 121.655281909041079, 14.731907631581949 ], [ 121.656054741705489, 14.731504688277365 ], [ 121.657974177320426, 14.731979087045678 ], [ 121.659556374488474, 14.730818836434018 ], [ 121.659671560933731, 14.72927531871958 ], [ 121.660256129447035, 14.727421866393609 ], [ 121.662153730342226, 14.725711561281962 ], [ 121.662492129200203, 14.725511403502905 ], [ 121.662978758276054, 14.72518009510646 ], [ 121.664779488359571, 14.723650662226852 ], [ 121.666344925175181, 14.723396406422639 ], [ 121.66773524365027, 14.722436653398923 ], [ 121.668778055800047, 14.721077716210605 ], [ 121.669609816247146, 14.720176531379627 ], [ 121.670532821426448, 14.72001803292698 ], [ 121.671967558222747, 14.718383936500262 ], [ 121.672378367218016, 14.716981538034496 ], [ 121.673150477742524, 14.715454645197251 ], [ 121.674713306778216, 14.714247700466403 ], [ 121.676401167238453, 14.714526049928097 ], [ 121.677617963740445, 14.714138979997742 ], [ 121.6789135465161, 14.715001927075752 ], [ 121.68030122655675, 14.714225718927358 ], [ 121.679964981406485, 14.712873749721767 ], [ 121.6796727616818, 14.712127084745822 ], [ 121.678903593361838, 14.711752058304437 ], [ 121.677073277839355, 14.710574249053346 ], [ 121.675526868252661, 14.708800736816993 ], [ 121.67543194117647, 14.708083293198053 ] ] ], [ [ [ 121.5374911021011, 14.728344622417453 ], [ 121.536209394339721, 14.726524730244845 ], [ 121.535155892068417, 14.728563006131967 ], [ 121.536216799057698, 14.729590680451466 ], [ 121.53785989528788, 14.731182268604606 ], [ 121.538725345479378, 14.729584927677255 ], [ 121.5374911021011, 14.728344622417453 ] ] ], [ [ [ 121.688069388756418, 14.728494593080015 ], [ 121.687343636426746, 14.726022765716928 ], [ 121.685822221206692, 14.727714253674124 ], [ 121.683212591038824, 14.729207710518592 ], [ 121.686152878429979, 14.73037111682144 ], [ 121.687356684864099, 14.73022601419674 ], [ 121.687767509780812, 14.729596084598562 ], [ 121.687830382270718, 14.72919416772325 ], [ 121.688069388756418, 14.728494593080015 ] ] ], [ [ [ 121.65971873586048, 14.694782631868113 ], [ 121.657862114732509, 14.694208796166361 ], [ 121.656526909073179, 14.69529434538997 ], [ 121.655340350958468, 14.696600479875709 ], [ 121.654672278293006, 14.697573603118935 ], [ 121.653674637808649, 14.697637745372457 ], [ 121.651882441381957, 14.698356663415867 ], [ 121.651079445246566, 14.698170604213615 ], [ 121.651185111767788, 14.699039314158709 ], [ 121.650319317402108, 14.700700347685263 ], [ 121.650753439843555, 14.701929347038071 ], [ 121.651017677306342, 14.703300808981199 ], [ 121.651863132096096, 14.704781943865367 ], [ 121.651194095057363, 14.706430069198406 ], [ 121.649502867092494, 14.706475100801667 ], [ 121.647584271061859, 14.707010737678022 ], [ 121.645364120953602, 14.708835019838567 ], [ 121.645312024834382, 14.708871576363332 ], [ 121.645303164791954, 14.708877348766091 ], [ 121.645300859308122, 14.708885995177297 ], [ 121.645277724969802, 14.708919588856794 ], [ 121.644972778094058, 14.712631948188616 ], [ 121.642524129466608, 14.71161490578727 ], [ 121.641123173052051, 14.71198586707934 ], [ 121.6398353892519, 14.711734173168219 ], [ 121.637576507791891, 14.712360214004113 ], [ 121.636924802954155, 14.711830325070654 ], [ 121.636557178669833, 14.712635754851034 ], [ 121.63640592032317, 14.712996229099886 ], [ 121.636513502789228, 14.713400646159817 ], [ 121.636930075909191, 14.713666786104874 ], [ 121.638746131111546, 14.71531278709751 ], [ 121.639348184797285, 14.717074104976852 ], [ 121.639354698096952, 14.718814526180084 ], [ 121.639598857943739, 14.71965415007724 ], [ 121.639605484621583, 14.721159282571366 ], [ 121.640236645035358, 14.722048702661839 ], [ 121.639764602841055, 14.723888997101032 ], [ 121.640040717362965, 14.725243980460142 ], [ 121.64052131030094, 14.72586749655612 ], [ 121.641164480359109, 14.726270208534677 ], [ 121.642233700462995, 14.726278572866089 ], [ 121.645193701874334, 14.725229826617094 ], [ 121.643724400743153, 14.723646852444533 ], [ 121.643273445268832, 14.723173811740894 ], [ 121.642120471490671, 14.721152395397395 ], [ 121.641899077756904, 14.720421571520555 ], [ 121.642262124276058, 14.718157287667415 ], [ 121.642101070205456, 14.71706656989684 ], [ 121.642708774542371, 14.715531617370123 ], [ 121.642679160984585, 14.714486504726015 ], [ 121.644865881160371, 14.713420204903409 ], [ 121.645324273626244, 14.713082070075723 ], [ 121.645375642568652, 14.713021845753048 ], [ 121.645443159940868, 14.712971491275063 ], [ 121.647446631999514, 14.710951832912368 ], [ 121.649515948084144, 14.710943074145277 ], [ 121.650820632159395, 14.710142885706039 ], [ 121.653115764269145, 14.708864329474633 ], [ 121.652671726507819, 14.707860095562516 ], [ 121.653704913652305, 14.707916401575719 ], [ 121.65453469260359, 14.705588826754498 ], [ 121.655060651152212, 14.704773022810089 ], [ 121.656325901112552, 14.703248127660148 ], [ 121.657885084145207, 14.701959432603253 ], [ 121.658949257067391, 14.701712766832198 ], [ 121.65968830638765, 14.700674152665506 ], [ 121.660619538926696, 14.699255085651641 ], [ 121.662072161913457, 14.698393108378211 ], [ 121.663300037405619, 14.697775053622074 ], [ 121.663865644551848, 14.696576480846202 ], [ 121.663153713297802, 14.695517371599824 ], [ 121.662062999611877, 14.695320957695584 ], [ 121.660313944128859, 14.694885259617189 ], [ 121.65971873586048, 14.694782631868113 ] ] ], [ [ [ 121.607959934507434, 14.724955120270964 ], [ 121.607574867514984, 14.724819875698113 ], [ 121.607576266655059, 14.725330514698987 ], [ 121.607921941497608, 14.725665153220126 ], [ 121.608269992371831, 14.725328713154765 ], [ 121.607959934507434, 14.724955120270964 ] ] ], [ [ [ 121.687277447197502, 14.704680677906921 ], [ 121.686662199923333, 14.704085428755828 ], [ 121.68657957289301, 14.704682725697058 ], [ 121.684930661480053, 14.706483762983304 ], [ 121.684953930793156, 14.70695591241906 ], [ 121.684396209428726, 14.708774971200448 ], [ 121.684472974682365, 14.710114569982352 ], [ 121.684586720721398, 14.711413653020276 ], [ 121.684664895763461, 14.712860045162877 ], [ 121.684594911072978, 14.714306147614497 ], [ 121.683114697020358, 14.716040253605017 ], [ 121.681801325008095, 14.715677056684974 ], [ 121.681103737347811, 14.716956298993145 ], [ 121.680726855600057, 14.718711188948664 ], [ 121.680836320189371, 14.719184000561107 ], [ 121.680650625031177, 14.721043468684332 ], [ 121.681418969135876, 14.722711642174454 ], [ 121.683135941019898, 14.722930513410844 ], [ 121.685213550530037, 14.723094432849175 ], [ 121.685392671848987, 14.723225125435487 ], [ 121.687337027740355, 14.723893418200188 ], [ 121.688798259075057, 14.722446159972311 ], [ 121.689064363421323, 14.721018830048571 ], [ 121.689492255379832, 14.719044010746359 ], [ 121.689474030676294, 14.71892270705483 ], [ 121.689706595332154, 14.716931092633699 ], [ 121.690940297153787, 14.716371356771146 ], [ 121.691511797736936, 14.716418290466985 ], [ 121.693278654034359, 14.715197146045041 ], [ 121.693753034740681, 14.715018918328889 ], [ 121.69373416375403, 14.71475109878887 ], [ 121.694492905376563, 14.712831079463482 ], [ 121.69458467504171, 14.711750005219811 ], [ 121.695078686079938, 14.709336094809478 ], [ 121.695141573887312, 14.7087433010936 ], [ 121.694800966659074, 14.707885818316189 ], [ 121.69466030197799, 14.705647467922551 ], [ 121.693401551602079, 14.704662617703802 ], [ 121.687277447197502, 14.704680677906921 ] ] ], [ [ [ 121.630172114853295, 14.711412630630029 ], [ 121.62852542808443, 14.710582718198351 ], [ 121.627844309790135, 14.71235152307103 ], [ 121.627905766235401, 14.713019175135344 ], [ 121.627991202318142, 14.713547084540943 ], [ 121.628540824966663, 14.71601729615516 ], [ 121.630459679402463, 14.714883070988726 ], [ 121.631181316466041, 14.713010369759422 ], [ 121.630172114853295, 14.711412630630029 ] ] ], [ [ [ 121.700994207425239, 14.70573036509202 ], [ 121.703065332580366, 14.704633789871062 ], [ 121.698521118337283, 14.704647395792483 ], [ 121.698766038842578, 14.705725044272882 ], [ 121.699877576036826, 14.706869529317 ], [ 121.700994207425239, 14.70573036509202 ] ] ], [ [ [ 121.637457920778246, 14.680911480749225 ], [ 121.636835361340218, 14.680640348708902 ], [ 121.635907738963525, 14.681215008634867 ], [ 121.634223556449342, 14.681855020793241 ], [ 121.633751947447053, 14.683325255839648 ], [ 121.633112627322006, 14.684403875799418 ], [ 121.633447530690802, 14.685178383972998 ], [ 121.632652539935506, 14.685738023311746 ], [ 121.630902239930052, 14.686114668155087 ], [ 121.630321490617831, 14.68622682442996 ], [ 121.628457703791781, 14.68665151156921 ], [ 121.627448072546187, 14.687519814986496 ], [ 121.627564245181105, 14.68850468344939 ], [ 121.625144507956691, 14.689364472619895 ], [ 121.624270884758914, 14.690436003154307 ], [ 121.622173951646147, 14.690563431297347 ], [ 121.622158591736579, 14.690575591687956 ], [ 121.62007573555114, 14.691287038560938 ], [ 121.619849772229287, 14.692388156054664 ], [ 121.619930047343473, 14.692610896608274 ], [ 121.620010889953917, 14.692677580465885 ], [ 121.620079875467795, 14.69277069496686 ], [ 121.621481340008387, 14.6953354911677 ], [ 121.621259580136183, 14.696693288990504 ], [ 121.621561534888897, 14.698120166055663 ], [ 121.621587831331382, 14.699328336673739 ], [ 121.622077105878546, 14.700777020911634 ], [ 121.622323171219733, 14.702705748457584 ], [ 121.624310938673432, 14.704686878770243 ], [ 121.624481954048392, 14.704690083370528 ], [ 121.627885445824788, 14.704241988565999 ], [ 121.628507495070323, 14.704250126852646 ], [ 121.629650095597782, 14.703729106056688 ], [ 121.631570800607719, 14.703734728018876 ], [ 121.631870722176629, 14.70155566958633 ], [ 121.632339589531099, 14.70074955764523 ], [ 121.632506904196362, 14.700566245459301 ], [ 121.632692991701603, 14.699942581660213 ], [ 121.634370948832526, 14.698296023557894 ], [ 121.634891893244301, 14.696656766137126 ], [ 121.634243513272821, 14.69513593247216 ], [ 121.632675986492274, 14.693973114570429 ], [ 121.632323207837459, 14.692918276341107 ], [ 121.632103260330013, 14.692578399248953 ], [ 121.63185030633656, 14.691781436187961 ], [ 121.632664401132558, 14.689904657844373 ], [ 121.633538592890645, 14.689341134831434 ], [ 121.634528524181903, 14.688485945595001 ], [ 121.635570428108494, 14.687233429549135 ], [ 121.636854983092164, 14.687489192838166 ], [ 121.638571948840394, 14.686801713520325 ], [ 121.639178116487585, 14.68665116547381 ], [ 121.641046327701133, 14.685370705559738 ], [ 121.642204917257828, 14.687342788421272 ], [ 121.641851414688389, 14.688466017493873 ], [ 121.642047584073012, 14.68942872262271 ], [ 121.641995070412435, 14.691645633546477 ], [ 121.642317562566888, 14.692550638627722 ], [ 121.642226400896561, 14.693676249046963 ], [ 121.641844529859327, 14.695890410074957 ], [ 121.641772727315654, 14.696638027217647 ], [ 121.642567258296069, 14.698080585829727 ], [ 121.642735554274566, 14.699115640302832 ], [ 121.643860724321797, 14.699332529797941 ], [ 121.645286554998776, 14.700112042935766 ], [ 121.646449182959373, 14.699577881032106 ], [ 121.648372558465852, 14.699625057836483 ], [ 121.648520693015243, 14.697550048091674 ], [ 121.649037329019748, 14.696618021686014 ], [ 121.649041123905548, 14.696197829418097 ], [ 121.649137580419719, 14.69284861593359 ], [ 121.649140591312772, 14.692531844393169 ], [ 121.649313746345697, 14.692387393874075 ], [ 121.649461415736866, 14.692306802101157 ], [ 121.650616487418617, 14.691400820891133 ], [ 121.651762054969666, 14.690682763924359 ], [ 121.651822856934828, 14.6902198092872 ], [ 121.652627084867163, 14.68843627307414 ], [ 121.652368470073483, 14.687195453668421 ], [ 121.64989061855708, 14.684797159866505 ], [ 121.649438825162861, 14.684578758410389 ], [ 121.649247156775104, 14.684546247144873 ], [ 121.645565178508036, 14.68468477375643 ], [ 121.645241629267574, 14.684646973539586 ], [ 121.644667345948832, 14.684932238261856 ], [ 121.643173570761704, 14.684376505554141 ], [ 121.642014789930357, 14.683431485444697 ], [ 121.641038516660799, 14.68266234107878 ], [ 121.639882810087229, 14.681421134123152 ], [ 121.637457920778246, 14.680911480749225 ] ] ], [ [ [ 121.527935439125955, 14.700829056454916 ], [ 121.527746111068367, 14.698408556156208 ], [ 121.527590025205882, 14.700850981362034 ], [ 121.527602998790897, 14.701008509768537 ], [ 121.527619638282161, 14.701137876905779 ], [ 121.527755564764149, 14.702394371437025 ], [ 121.527917115503399, 14.701167882970573 ], [ 121.527954238518902, 14.70100772040125 ], [ 121.527935439125955, 14.700829056454916 ] ] ], [ [ [ 121.574291298606596, 14.696447634549791 ], [ 121.573915670897563, 14.696334505085442 ], [ 121.573594070487459, 14.696501235024709 ], [ 121.573916908337466, 14.696813904852284 ], [ 121.57233018128332, 14.698366150820599 ], [ 121.571968466464767, 14.699002537103825 ], [ 121.572217020148116, 14.700903988105308 ], [ 121.573057180947075, 14.701751168122236 ], [ 121.573930061514744, 14.701908524827163 ], [ 121.574694688816876, 14.701642865817917 ], [ 121.573927456830376, 14.700899810078372 ], [ 121.576551126839703, 14.698333114172845 ], [ 121.57507227834401, 14.696811076306997 ], [ 121.574291298606596, 14.696447634549791 ] ] ], [ [ [ 121.528249247531377, 14.692835129551474 ], [ 121.528238726738707, 14.692341638865431 ], [ 121.527732899407269, 14.692836289857143 ], [ 121.527534964797027, 14.692644507301369 ], [ 121.527402229346265, 14.692837032315003 ], [ 121.527381056020104, 14.693180348216554 ], [ 121.527740714021547, 14.696132537471879 ], [ 121.528159089559125, 14.693249231729206 ], [ 121.528249247531377, 14.692835129551474 ] ] ], [ [ [ 121.561308086357045, 14.690558166525683 ], [ 121.561308086334222, 14.69055815748788 ], [ 121.55948065440964, 14.690982932551668 ], [ 121.562431251021607, 14.693840982136974 ], [ 121.563048813771644, 14.692754281960989 ], [ 121.562388586406755, 14.691706922277818 ], [ 121.561308086357045, 14.690558166525683 ] ] ], [ [ [ 121.663368834289386, 14.68969357251407 ], [ 121.660564842520856, 14.686979902250945 ], [ 121.660857880399305, 14.688413216354201 ], [ 121.661030733738897, 14.689400369795742 ], [ 121.662046688637346, 14.689850047722922 ], [ 121.663368834289386, 14.68969357251407 ] ] ], [ [ [ 121.550332248719997, 14.684612523523116 ], [ 121.549145127581824, 14.684181672751201 ], [ 121.548700738251142, 14.684616339141417 ], [ 121.547387572754587, 14.684619401917523 ], [ 121.547430237631573, 14.685859028139117 ], [ 121.548705130775474, 14.68639862500671 ], [ 121.549997954464317, 14.685873041271661 ], [ 121.550332248719997, 14.684612523523116 ] ] ], [ [ [ 121.658651223059351, 14.685127863934957 ], [ 121.657832875423907, 14.684335845278421 ], [ 121.657483450552633, 14.684677953887061 ], [ 121.657834036411444, 14.684728006632941 ], [ 121.658651223059351, 14.685127863934957 ] ] ], [ [ [ 121.611815976114841, 14.680534972939942 ], [ 121.611845968123603, 14.68037437456811 ], [ 121.61162545048937, 14.680374949244358 ], [ 121.61163238829981, 14.680392735615564 ], [ 121.611651719312604, 14.68076796143243 ], [ 121.611815976114841, 14.680534972939942 ] ] ] ] } }
]
}
